ID,Name,Language,Genres,Premiered,Status,Runtime,Official Site,Network,Country
1,Under the Dome,English,"Drama, Science-Fiction, Thriller",2013-06-24,Ended,60.0,http://www.cbs.com/shows/under-the-dome/,CBS,United States
2,Person of Interest,English,"Action, Crime, Science-Fiction",2011-09-22,Ended,60.0,http://www.cbs.com/shows/person_of_interest/,CBS,United States
3,Bitten,English,"Drama, Horror, Romance",2014-01-11,Ended,60.0,http://bitten.space.ca/,CTV Sci-Fi Channel,Canada
4,Arrow,English,"Drama, Action, Science-Fiction",2012-10-10,Ended,60.0,http://www.cwtv.com/shows/arrow,The CW,United States
5,True Detective,English,"Drama, Crime, Thriller",2014-01-12,Running,60.0,https://www.max.com/shows/true-detective/9a4a3645-74e0-4e4d-9f35-31464b402357,HBO,United States
6,The 100,English,"Action, Adventure, Science-Fiction",2014-03-19,Ended,60.0,http://www.cwtv.com/shows/the-100/,The CW,United States
7,Homeland,English,"Drama, Thriller, Espionage",2011-10-02,Ended,60.0,http://www.sho.com/sho/homeland/home,Paramount+ with Showtime,United States
8,Glee,English,"Drama, Music, Romance",2009-05-19,Ended,60.0,http://www.fox.com/glee,FOX,United States
9,Revenge,English,"Drama, Thriller, Mystery",2011-09-21,Ended,60.0,,ABC,United States
10,Grimm,English,"Drama, Crime, Supernatural",2011-10-28,Ended,60.0,http://www.nbc.com/grimm,NBC,United States
11,Gotham,English,"Drama, Action, Crime",2014-09-22,Ended,60.0,http://www.fox.com/gotham,FOX,United States
12,Lost Girl,English,"Drama, Fantasy, Horror",2010-09-12,Ended,60.0,http://www.showcase.ca/lostgirl,Showcase,Canada
13,The Flash,English,"Drama, Action, Science-Fiction",2014-10-07,Ended,60.0,http://www.cwtv.com/shows/the-flash/,The CW,United States
14,Continuum,English,"Drama, Crime, Science-Fiction",2012-05-27,Ended,60.0,,Showcase,Canada
15,Constantine,English,"Drama, Action, Horror",2014-10-24,Ended,60.0,https://www.nbc.com/constantine,NBC,United States
16,Penny Dreadful,English,"Horror, Thriller, Supernatural",2014-05-11,Ended,60.0,http://www.sho.com/penny-dreadful,Paramount+ with Showtime,United States
18,The Amazing Race,English,"Action, Adventure, Family",2001-09-05,Running,90.0,http://www.cbs.com/shows/amazing_race/,CBS,United States
19,Supernatural,English,"Drama, Action, Supernatural",2005-09-13,Ended,60.0,http://www.cwtv.com/shows/supernatural,The CW,United States
20,The Strain,English,"Drama, Horror, Thriller",2014-07-13,Ended,60.0,http://www.fxnetworks.com/thestrain,FX,United States
21,The Last Ship,English,"Drama, Action, Thriller",2014-06-22,Ended,60.0,http://www.tntdrama.com/shows/the-last-ship,TNT,United States
22,True Blood,English,"Drama, Romance, Supernatural",2008-09-07,Ended,60.0,http://www.hbo.com/true-blood,HBO,United States
23,Once Upon a Time in Wonderland,English,"Drama, Adventure, Fantasy",2013-10-10,Ended,60.0,,ABC,United States
24,Hawaii Five-0,English,"Drama, Action, Crime",2010-09-20,Ended,60.0,http://www.cbs.com/shows/hawaii_five_0/,CBS,United States
25,Hellsing,Japanese,"Anime, Horror, Supernatural",2001-10-10,Ended,30.0,,Fuji TV,Japan
26,Hellsing Ultimate,Japanese,"Drama, Action, Anime, Horror",2006-02-10,Ended,50.0,,TBS,Japan
27,Berserk,Japanese,"Anime, Fantasy, Horror",1997-10-07,Ended,25.0,,NTV,Japan
28,Californication,English,"Drama, Comedy",2007-08-13,Ended,30.0,http://www.sho.com/sho/californication/home,Paramount+ with Showtime,United States
29,Vikings,English,"Drama, Action, History",2013-03-03,Ended,60.0,https://www.history.ca/shows/vikings/,History,Canada
30,American Horror Story,English,"Drama, Horror, Thriller",2011-10-05,Running,60.0,http://www.fxnetworks.com/shows/american-horror-story,FX,United States
31,Marvel's Agents of S.H.I.E.L.D.,English,"Action, Adventure, Science-Fiction",2013-09-24,Ended,60.0,http://abc.go.com/shows/marvels-agents-of-shield,ABC,United States
32,Fargo,English,"Drama, Comedy, Crime",2014-04-15,To Be Determined,60.0,http://www.fxnetworks.com/fargo,FX,United States
33,Hemlock Grove,English,"Drama, Horror, Thriller",2013-04-19,Ended,,https://www.netflix.com/title/70242310,,
34,Helix,English,"Horror, Science-Fiction, Thriller",2014-01-10,Ended,60.0,,Syfy,United States
35,The Killing,English,"Drama, Crime, Thriller",2011-04-03,Ended,60.0,http://www.amc.com/shows/the-killing,AMC,United States
37,Intruders,English,"Drama, Fantasy, Thriller",2014-08-23,Ended,60.0,http://www.bbc.co.uk/programmes/b04nf78f,BBC America,United States
38,Z Nation,English,"Action, Horror, Science-Fiction",2014-09-12,Ended,60.0,http://www.syfy.com/znation,Syfy,United States
39,Resurrection,English,"Drama, Science-Fiction, Mystery",2014-03-09,Ended,60.0,,ABC,United States
40,Death Note,Japanese,"Anime, Fantasy, Thriller",2006-10-03,Ended,30.0,http://www.j-deathnote.com/,NTV,Japan
41,Last Man Standing,English,"Comedy, Family",2011-10-11,Ended,30.0,https://www.fox.com/last-man-standing/,FOX,United States
42,Sleepy Hollow,English,"Drama, Mystery, Supernatural",2013-09-16,Ended,60.0,http://www.fox.com/sleepy-hollow,FOX,United States
43,Outlander,English,"Adventure, Romance, Science-Fiction",2014-08-09,Running,60.0,https://www.starz.com/us/en/series/outlander/21796,STARZ,United States
44,Scorpion,English,"Drama, Action, Thriller",2014-09-22,Ended,60.0,http://www.cbs.com/shows/scorpion/,CBS,United States
45,NCIS: New Orleans,English,"Drama, Crime",2014-09-23,Ended,60.0,http://www.cbs.com/shows/ncis-new-orleans/,CBS,United States
46,Forever,English,"Drama, Crime, Supernatural",2014-09-22,Ended,60.0,http://abc.go.com/shows/forever,ABC,United States
47,Witches of East End,English,"Drama, Fantasy, Romance",2013-10-06,Ended,60.0,,Lifetime,United States
48,Madam Secretary,English,Drama,2014-09-21,Ended,60.0,http://www.cbs.com/shows/madam-secretary/,CBS,United States
49,Brooklyn Nine-Nine,English,"Comedy, Action, Crime",2013-09-17,Ended,30.0,https://www.nbc.com/brooklyn-nine-nine,NBC,United States
50,The Lottery,English,"Drama, Science-Fiction, Thriller",2014-07-20,Ended,60.0,,Lifetime,United States
51,The Knick,English,"Drama, Medical",2014-08-08,Ended,60.0,http://www.cinemax.com/the-knick/,Cinemax,United States
52,How to Get Away with Murder,English,"Drama, Thriller, Legal",2014-09-25,Ended,60.0,http://abc.go.com/shows/how-to-get-away-with-murder,ABC,United States
53,Nashville,English,"Drama, Music, Romance",2012-10-10,Ended,60.0,http://www.cmt.com/shows/nashville/,CMT,United States
54,Legends,English,"Drama, Crime, Thriller",2014-08-13,Ended,60.0,http://www.tntdrama.com/shows/legends.html,TNT,United States
55,Red Band Society,English,"Drama, Comedy",2014-09-17,Ended,60.0,https://web.archive.org/web/20170615064321/http://www.fox.com/red-band-society,FOX,United States
56,Chicago P.D.,English,"Drama, Crime",2014-01-08,Running,60.0,https://www.nbc.com/chicago-pd,NBC,United States
57,black-ish,English,"Comedy, Family",2014-09-24,Ended,30.0,https://abc.com/shows/blackish,ABC,United States
58,New Girl,English,"Comedy, Romance",2011-09-20,Ended,30.0,http://www.fox.com/new-girl/,FOX,United States
59,Chicago Fire,English,"Drama, Action",2012-10-10,Running,60.0,https://www.nbc.com/chicago-fire,NBC,United States
60,NCIS,English,"Drama, Action, Crime",2003-09-23,Running,60.0,http://www.cbs.com/shows/ncis/,CBS,United States
61,Orphan Black,English,"Drama, Science-Fiction, Thriller",2013-03-30,Ended,60.0,http://orphanblack.space.ca/,CTV Sci-Fi Channel,Canada
62,The Originals,English,"Drama, Romance, Supernatural",2013-10-03,Ended,60.0,http://www.cwtv.com/shows/the-originals/,The CW,United States
63,The Vampire Diaries,English,"Drama, Romance, Supernatural",2009-09-10,Ended,60.0,http://www.cwtv.com/shows/the-vampire-diaries,The CW,United States
64,Utopia,English,"Drama, Science-Fiction, Thriller",2013-01-15,Ended,60.0,http://www.channel4.com/programmes/utopia,Channel 4,United Kingdom
65,Bones,English,"Drama, Crime, Medical",2005-09-13,Ended,44.0,http://www.fox.com/bones,FOX,United States
66,The Big Bang Theory,English,Comedy,2007-09-24,Ended,30.0,http://www.cbs.com/shows/big_bang_theory/,CBS,United States
67,Grey's Anatomy,English,"Drama, Romance, Medical",2005-03-27,Running,60.0,https://abc.com/shows/greys-anatomy/,ABC,United States
68,Castle,English,"Drama, Crime",2009-03-09,Ended,40.0,http://abc.go.com/shows/castle,ABC,United States
69,The Blacklist,English,"Drama, Crime, Thriller",2013-09-23,Ended,60.0,https://www.nbc.com/the-blacklist,NBC,United States
70,The Voice,English,Music,2011-04-26,Running,120.0,http://www.nbc.com/the-voice,NBC,United States
71,Dancing with the Stars,English,Family,2005-06-01,Running,120.0,https://abc.com/shows/dancing-with-the-stars,ABC,United States
72,NCIS: Los Angeles,English,"Drama, Action, Crime",2009-09-22,Ended,60.0,http://www.cbs.com/shows/ncis_los_angeles/,CBS,United States
73,The Walking Dead,English,"Drama, Action, Horror",2010-10-31,Ended,,https://www.amc.com/twdu/the-walking-dead,,
74,Hell on Wheels,English,"Drama, Action, Western",2011-11-06,Ended,60.0,http://www.amctv.com/shows/hell-on-wheels,AMC,United States
75,The Mindy Project,English,"Comedy, Romance, Medical",2012-09-25,Ended,,http://www.hulu.com/the-mindy-project,,
76,Sons of Anarchy,English,"Drama, Action, Crime",2008-09-03,Ended,60.0,http://www.fxnetworks.com/shows/sons-of-anarchy/,FX,United States
77,The Middle,English,"Comedy, Family",2009-09-30,Ended,30.0,http://abc.go.com/shows/the-middle,ABC,United States
78,The Mysteries of Laura,English,"Comedy, Crime",2014-09-17,Ended,60.0,http://www.nbc.com/the-mysteries-of-laura,NBC,United States
79,The Goldbergs,English,"Comedy, Family",2013-09-24,Ended,30.0,https://abc.com/shows/the-goldbergs,ABC,United States
80,Modern Family,English,"Comedy, Family",2009-09-23,Ended,30.0,http://abc.go.com/shows/modern-family,ABC,United States
81,Criminal Minds,English,"Drama, Crime, Thriller",2005-09-22,Running,,https://www.paramountplus.com/shows/criminal_minds/,,
82,Game of Thrones,English,"Drama, Adventure, Fantasy",2011-04-17,Ended,60.0,http://www.hbo.com/game-of-thrones,HBO,United States
83,The Simpsons,English,"Comedy, Family",1989-12-17,Running,30.0,http://www.fox.com/the-simpsons,FOX,United States
84,Family Guy,English,"Comedy, Family",1999-01-31,Running,30.0,https://www.fox.com/family-guy/,FOX,United States
86,Stalker,English,"Crime, Thriller",2014-10-01,Ended,60.0,,CBS,United States
87,The Bridge,English,"Drama, Crime, Thriller",2013-07-10,Ended,60.0,,FX,United States
88,Reign,English,"Drama, Romance, History",2013-10-17,Ended,60.0,,The CW,United States
89,Unforgettable,English,"Drama, Crime",2011-09-20,Ended,60.0,http://www.aetv.com/unforgettable,A&E,United States
90,Haven,English,"Drama, Crime, Supernatural",2010-07-09,Ended,60.0,http://www.syfy.com/haven,Syfy,United States
91,Bad Judge,English,"Comedy, Family",2014-10-02,Ended,30.0,,NBC,United States
92,A to Z,English,"Comedy, Romance",2014-10-02,Ended,30.0,,NBC,United States
93,Parenthood,English,"Drama, Comedy, Family",2010-03-02,Ended,60.0,,NBC,United States
94,Defiance,English,"Action, Adventure, Science-Fiction",2013-04-15,Ended,60.0,,Syfy,United States
95,Falling Skies,English,"Drama, Action, Science-Fiction",2011-06-19,Ended,60.0,,TNT,United States
96,Manhattan Love Story,English,"Comedy, Romance",2014-09-30,Ended,30.0,https://abc.go.com/shows/manhattan-love-story,ABC,United States
97,The Biggest Loser,English,,2004-10-19,Ended,60.0,https://www.usanetwork.com/the-biggest-loser,USA Network,United States
98,Scandal,English,"Drama, Thriller",2012-04-05,Ended,60.0,http://abc.go.com/shows/scandal,ABC,United States
99,America's Next Top Model,English,,2003-05-20,Ended,60.0,http://www.vh1.com/shows/americas-next-top-model,VH1,United States
100,Blue Bloods,English,"Drama, Crime",2010-09-24,Ended,60.0,https://www.cbs.com/shows/blue_bloods/,CBS,United States
101,The Good Wife,English,"Drama, Crime, Legal",2009-09-22,Ended,60.0,http://www.cbs.com/shows/the_good_wife/,CBS,United States
102,Boardwalk Empire,English,"Drama, Crime",2010-09-19,Ended,60.0,http://www.hbo.com/boardwalk-empire,HBO,United States
103,Law & Order: Special Victims Unit,English,"Drama, Crime, Legal",1999-09-20,Running,60.0,http://www.nbc.com/law-and-order-special-victims-unit,NBC,United States
104,Dominion,English,"Action, Adventure, Fantasy",2014-06-19,Ended,60.0,http://www.syfy.com/dominion,Syfy,United States
105,From Dusk Till Dawn: The Series,English,"Action, Crime, Horror",2014-03-11,Ended,60.0,http://www.elreynetwork.com/originals/from-dusk-till-dawn-s3,El Rey Network,United States
106,Justified,English,"Drama, Crime, Western",2010-03-16,Ended,60.0,,FX,United States
107,Bob's Burgers,English,"Comedy, Family",2011-01-09,Running,30.0,http://www.fox.com/bobs-burgers,FOX,United States
108,Mulaney,English,"Comedy, Family",2014-10-05,Ended,30.0,,FOX,United States
109,CSI: Crime Scene Investigation,English,"Drama, Action, Crime",2000-10-06,Ended,60.0,http://www.cbs.com/shows/csi/,CBS,United States
110,Gracepoint,English,"Drama, Crime, Mystery",2014-10-02,Ended,60.0,,FOX,United States
111,Once Upon a Time,English,"Drama, Fantasy, Romance",2011-10-23,Ended,60.0,http://abc.go.com/shows/once-upon-a-time,ABC,United States
112,South Park,English,Comedy,1997-08-13,Running,22.0,https://www.cc.com/shows/south-park,Comedy Central,United States
114,Survivor,English,Adventure,2000-05-31,Running,90.0,http://www.cbs.com/shows/survivor/,CBS,United States
115,King of the Hill,English,Comedy,1997-01-12,Running,,https://www.hulu.com/series/king-of-the-hill-52b8dd8a-eff2-4ed2-9b8d-7c0039df1c53,,
116,The Mentalist,English,"Drama, Crime, Mystery",2008-09-23,Ended,60.0,,CBS,United States
117,Star Wars: Rebels,English,"Action, Adventure, Science-Fiction",2014-09-29,Ended,30.0,https://disneynow.com/shows/star-wars-rebels,Disney XD,United States
118,House,English,"Drama, Mystery, Medical",2004-11-16,Ended,60.0,,FOX,United States
120,Transparent,English,"Drama, Comedy",2014-09-26,Ended,,https://www.amazon.com/dp/B017I3KWX6,,
122,Nikita,English,"Drama, Action, Crime",2010-09-09,Ended,60.0,,The CW,United States
123,Lost,English,"Drama, Adventure, Supernatural",2004-09-22,Ended,60.0,http://abc.go.com/shows/lost,ABC,United States
124,2 Broke Girls,English,Comedy,2011-09-19,Ended,30.0,http://www.cbs.com/shows/2_broke_girls/,CBS,United States
125,Selfie,English,"Comedy, Romance",2014-09-30,Ended,30.0,,ABC,United States
126,Mom,English,"Comedy, Family",2013-09-23,Ended,30.0,http://www.cbs.com/shows/mom/,CBS,United States
127,The Affair,English,"Drama, Romance",2014-10-12,Ended,60.0,http://www.sho.com/sho/the-affair/home,Paramount+ with Showtime,United States
128,Jane the Virgin,English,"Drama, Crime, Romance",2014-10-13,Ended,60.0,http://www.cwtv.com/shows/jane-the-virgin,The CW,United States
129,Marry Me,English,Comedy,2014-10-14,Ended,30.0,,NBC,United States
130,Two and a Half Men,English,Comedy,2003-09-22,Ended,30.0,http://www.cbs.com/shows/two_and_a_half_men/,CBS,United States
131,About a Boy,English,"Drama, Comedy, Romance",2014-02-22,Ended,30.0,http://www.nbc.com/about-a-boy?nbc=1,NBC,United States
132,The Millers,English,Comedy,2013-10-03,Ended,30.0,http://www.cbs.com/shows/the-millers/,CBS,United States
133,Elementary,English,"Drama, Crime, Mystery",2012-09-27,Ended,60.0,http://www.cbs.com/shows/elementary/,CBS,United States
134,Heroes,English,"Drama, Action, Science-Fiction",2006-09-25,Ended,60.0,,NBC,United States
136,The McCarthys,English,"Comedy, Family",2014-10-30,Ended,30.0,,CBS,United States
137,Cristela,English,"Comedy, Legal",2014-10-10,Ended,30.0,,ABC,United States
138,The Leftovers,English,"Drama, Science-Fiction, Thriller",2014-06-29,Ended,60.0,http://www.hbo.com/the-leftovers,HBO,United States
139,Girls,English,"Drama, Romance",2012-04-15,Ended,30.0,http://www.hbo.com/girls,HBO,United States
140,Looking,English,"Drama, Comedy, Romance",2014-01-19,Ended,30.0,http://www.hbo.com/looking,HBO,United States
141,Getting On,English,"Comedy, Medical",2013-11-24,Ended,30.0,http://www.hbo.com/getting-on,HBO,United States
142,Veep,English,Comedy,2012-04-22,Ended,30.0,http://www.hbo.com/veep/,HBO,United States
143,Silicon Valley,English,Comedy,2014-04-06,Ended,30.0,http://www.hbo.com/silicon-valley/,HBO,United States
144,The Comeback,English,Comedy,2005-06-05,Running,30.0,http://www.hbo.com/the-comeback,HBO,United States
145,House of Lies,English,"Drama, Comedy",2012-01-08,Ended,30.0,http://www.sho.com/sho/house-of-lies/home,Paramount+ with Showtime,United States
146,Episodes,English,Comedy,2011-01-09,Ended,30.0,http://www.sho.com/sho/episodes/home,Paramount+ with Showtime,United States
147,Nurse Jackie,English,"Drama, Comedy",2009-06-08,Ended,30.0,,Paramount+ with Showtime,United States
148,Web Therapy,English,Comedy,2011-07-19,Ended,30.0,,Paramount+ with Showtime,United States
149,Masters of Sex,English,"Drama, Romance, History",2013-09-29,Ended,60.0,http://www.sho.com/sho/masters-of-sex/home,Paramount+ with Showtime,United States
150,Shameless,English,"Drama, Comedy, Family",2011-01-09,Ended,60.0,http://www.sho.com/sho/shameless/home,Paramount+ with Showtime,United States
151,The Newsroom,English,Drama,2012-06-24,Ended,60.0,https://www.hbo.com/the-newsroom,HBO,United States
152,Ray Donovan,English,"Drama, Action, Crime",2013-06-30,Ended,60.0,http://www.sho.com/sho/ray-donovan/home,Paramount+ with Showtime,United States
153,Utopia,English,,2014-09-07,Ended,60.0,,FOX,United States
154,Sanctuary,English,"Drama, Adventure, Science-Fiction",2008-10-03,Ended,60.0,,Syfy,United States
155,Beauty & the Beast,English,"Action, Romance, Science-Fiction",2012-10-11,Ended,60.0,http://www.cwtv.com/shows/beauty-and-the-beast,The CW,United States
156,Twin Peaks,English,"Crime, Mystery, Supernatural",1990-04-08,Ended,60.0,http://www.sho.com/twin-peaks,Paramount+ with Showtime,United States
157,The Americans,English,"Drama, Espionage",2013-01-30,Ended,60.0,http://www.fxnetworks.com/theamericans,FX,United States
158,Fringe,English,"Drama, Action, Science-Fiction",2008-09-09,Ended,60.0,,FOX,United States
159,State of Affairs,English,"Drama, Thriller",2014-11-17,Ended,60.0,,NBC,United States
160,Weeds,English,"Drama, Comedy, Crime",2005-08-07,Ended,30.0,http://www.sho.com/sho/weeds/home,Paramount+ with Showtime,United States
161,Dexter,English,"Drama, Crime, Mystery",2006-10-01,Ended,60.0,https://www.sho.com/dexter,Paramount+ with Showtime,United States
162,Carnivàle,English,"Drama, Fantasy, Horror",2003-09-14,Ended,60.0,https://www.hbo.com/carnivale,HBO,United States
163,Human Target,English,"Action, Adventure, Crime",2010-01-17,Ended,60.0,,FOX,United States
164,Banshee,English,"Drama, Action, Crime",2013-01-11,Ended,60.0,http://www.cinemax.com/banshee/,Cinemax,United States
165,Bionic Woman,English,"Action, Science-Fiction",2007-09-26,Ended,60.0,,NBC,United States
166,Battlestar Galactica,English,"Drama, Science-Fiction, War",2003-12-08,Ended,60.0,http://www.syfy.com/battlestargalactica,Syfy,United States
167,24,English,"Drama, Action, Thriller",2001-11-06,Ended,60.0,http://www.fox.com/,FOX,United States
168,Chuck,English,"Drama, Comedy, Action",2007-09-24,Ended,60.0,http://www.nbc.com/chuck,NBC,United States
169,Breaking Bad,English,"Drama, Crime, Thriller",2008-01-20,Ended,60.0,http://www.amc.com/shows/breaking-bad,AMC,United States
170,Orange Is the New Black,English,"Drama, Comedy, Crime",2013-07-11,Ended,,https://www.netflix.com/title/70242311,,
171,How I Met Your Mother,English,"Drama, Comedy, Romance",2005-09-19,Ended,30.0,,CBS,United States
172,Suits,English,"Drama, Legal",2011-06-23,Ended,60.0,http://www.usanetwork.com/suits,USA Network,United States
174,Parks and Recreation,English,Comedy,2009-04-09,Ended,30.0,http://www.nbc.com/parks-and-recreation,NBC,United States
175,House of Cards,English,"Drama, Thriller",2013-02-01,Ended,,https://www.netflix.com/title/70178217,,
176,Teen Wolf,English,"Drama, Romance, Supernatural",2011-06-05,Ended,60.0,http://www.mtv.com/shows/teen-wolf,MTV,United States
177,Pretty Little Liars,English,"Romance, Thriller, Mystery",2010-06-08,Ended,60.0,http://freeform.go.com/shows/pretty-little-liars,Freeform,United States
178,The Legend of Korra,English,"Action, Adventure, Fantasy",2012-04-14,Ended,30.0,http://www.nick.com/legend-of-korra/,Nickelodeon,United States
179,The Wire,English,"Drama, Crime",2002-06-02,Ended,60.0,http://www.hbo.com/the-wire,HBO,United States
180,Firefly,English,"Drama, Adventure, Science-Fiction",2002-09-20,Ended,60.0,,FOX,United States
181,Extant,English,"Drama, Science-Fiction, Thriller",2014-07-09,Ended,60.0,http://www.cbs.com/shows/extant/,CBS,United States
182,Black Sails,English,"Drama, Action, Adventure",2014-01-25,Ended,60.0,http://www.starz.com/originals/blacksails,STARZ,United States
183,Tyrant,English,"Drama, Thriller",2014-06-24,Ended,60.0,http://www.fxnetworks.com/tyrant,FX,United States
184,BoJack Horseman,English,"Drama, Comedy",2014-08-22,Ended,,https://www.netflix.com/title/70300800,,
185,Salem,English,"Drama, Thriller, Supernatural",2014-04-20,Ended,60.0,http://www.wgnamerica.com/series/salem,NewsNation,United States
186,TURN: Washington's Spies,English,"Drama, War",2014-04-06,Ended,60.0,https://www.amc.com/shows/turn-2--122,AMC,United States
187,Intelligence,English,"Action, Science-Fiction",2014-01-07,Ended,60.0,,CBS,United States
188,Believe,English,"Drama, Action, Fantasy",2014-03-10,Ended,60.0,,NBC,United States
189,Star-Crossed,English,"Drama, Romance, Science-Fiction",2014-02-17,Ended,60.0,http://www.cwtv.com/shows/star-crossed/,The CW,United States
190,Crisis,English,"Drama, Action, Thriller",2014-03-16,Ended,60.0,http://www.nbc.com/crisis/,NBC,United States
191,Halt and Catch Fire,English,Drama,2014-06-01,Ended,60.0,http://www.amc.com/shows/halt-and-catch-fire,AMC,United States
192,Hello Ladies,English,Comedy,2013-09-29,Ended,30.0,http://www.hbo.com/hello-ladies,HBO,United States
193,Dads,English,Comedy,2013-09-17,Ended,30.0,,FOX,United States
194,Hannibal,English,"Drama, Crime, Horror",2013-04-04,Ended,60.0,http://www.nbc.com/hannibal,NBC,United States
195,Bates Motel,English,"Drama, Horror, Thriller",2013-03-18,Ended,60.0,http://www.aetv.com/shows/bates-motel,A&E,United States
196,The Following,English,"Drama, Crime, Thriller",2013-01-21,Ended,60.0,,FOX,United States
197,Da Vinci's Demons,English,"Drama, Horror",2013-04-12,Ended,60.0,http://www.starz.com/originals/davincisdemons/featured,,
198,The Fosters,English,"Drama, Family, Romance",2013-06-03,Ended,60.0,http://freeform.go.com/shows/the-fosters,Freeform,United States
199,Mistresses,English,"Drama, Romance",2013-06-03,Ended,60.0,http://abc.go.com/shows/mistresses,ABC,United States
200,The Tomorrow People,English,"Action, Science-Fiction",2013-10-09,Ended,60.0,,The CW,United States
201,Devious Maids,English,"Drama, Crime",2013-06-23,Ended,60.0,http://www.mylifetime.com/shows/devious-maids,Lifetime,United States
202,Almost Human,English,"Drama, Crime, Science-Fiction",2013-11-17,Ended,60.0,,FOX,United States
203,The Carrie Diaries,English,"Drama, Comedy, Romance",2013-01-14,Ended,60.0,,The CW,United States
204,Stargate SG·1,English,"Action, Adventure, Science-Fiction",1997-07-27,Ended,60.0,http://stargate.mgm.com/view/series/1/index.html,Syfy,United States
205,Graceland,English,"Drama, Action, Crime",2013-06-06,Ended,60.0,http://www.usanetwork.com/graceland,USA Network,United States
206,Stargate Atlantis,English,"Action, Adventure, Science-Fiction",2004-07-16,Ended,60.0,http://stargate.mgm.com/view/series/2/index.html,Syfy,United States
207,Stargate Universe,English,"Action, Adventure, Science-Fiction",2009-10-02,Ended,60.0,http://stargate.mgm.com/view/series/3/index.html,Syfy,United States
208,The Chair,English,,2014-09-06,Ended,60.0,,STARZ,United States
209,Survivor's Remorse,English,"Drama, Comedy, Sports",2014-10-04,Ended,30.0,http://www.starz.com/originals/survivorsremorse/featured,STARZ,United States
210,Doctor Who,English,"Drama, Adventure, Science-Fiction",2005-03-26,Ended,,http://www.bbc.co.uk/programmes/b006q2x0,BBC One,United Kingdom
211,666 Park Avenue,English,"Drama, Mystery, Supernatural",2012-09-30,Ended,60.0,,ABC,United States
212,Alcatraz,English,"Drama, Science-Fiction, Thriller",2012-01-16,Ended,60.0,,FOX,United States
213,The Gates,English,"Drama, Crime, Supernatural",2010-06-20,Ended,60.0,,ABC,United States
214,Kingdom,English,"Drama, Family, Sports",2014-10-08,Ended,60.0,https://www.directvpr.com/english/kingdom,Audience Network,United States
215,American Dad!,English,"Comedy, Family",2005-02-06,Running,30.0,http://www.tbs.com/shows/american-dad.html,FOX,United States
216,Rick and Morty,English,"Comedy, Adventure, Science-Fiction",2013-12-02,Running,30.0,http://www.adultswim.com/videos/rick-and-morty,Adult Swim,United States
217,Hostages,English,"Drama, Thriller",2013-09-23,Ended,60.0,,CBS,United States
218,Being Human,English,"Drama, Horror, Romance",2011-01-17,Ended,60.0,,Syfy,United States
219,Alphas,English,"Drama, Science-Fiction, Supernatural",2011-07-11,Ended,60.0,,Syfy,United States
220,Crossing Lines,English,"Drama, Action, Crime",2013-06-23,Ended,60.0,,TF1,France
221,Rectify,English,"Drama, Crime",2013-04-22,Ended,60.0,http://www.sundance.tv/series/rectify,SundanceTV,United States
222,Happyland,English,"Drama, Comedy",2014-09-30,Ended,60.0,,MTV,United States
224,Twisted,English,"Drama, Thriller, Mystery",2013-03-19,Ended,60.0,http://abcfamily.go.com/shows/twisted,Freeform,United States
225,Ravenswood,English,"Drama, Horror",2013-10-22,Ended,60.0,,Freeform,United States
226,The Crazy Ones,English,Comedy,2013-09-26,Ended,30.0,,CBS,United States
227,Mob City,English,"Drama, Crime",2013-12-04,Ended,60.0,,TNT,United States
228,Last Resort,English,"Drama, Action, War",2012-09-27,Ended,60.0,,ABC,United States
229,The Neighbors,English,"Comedy, Science-Fiction",2012-09-26,Ended,30.0,http://abc.go.com/shows/the-neighbors,ABC,United States
230,Go On,English,Comedy,2012-08-08,Ended,30.0,,NBC,United States
231,Vegas,English,Drama,2012-09-25,Ended,60.0,,CBS,United States
232,The River,English,"Drama, Horror, Supernatural",2012-02-07,Ended,60.0,,ABC,United States
233,Awake,English,"Drama, Fantasy, Thriller",2012-03-01,Ended,60.0,,NBC,United States
234,Missing,English,"Drama, Action, Thriller",2012-03-15,Ended,60.0,,ABC,United States
235,The New Normal,English,Comedy,2012-09-10,Ended,30.0,,NBC,United States
236,GCB,English,"Drama, Comedy, Romance",2012-03-04,Ended,60.0,http://abc.go.com/shows/gcb,ABC,United States
237,Revolution,English,"Action, Adventure, Science-Fiction",2012-09-17,Ended,60.0,,NBC,United States
238,Dallas,English,"Drama, Family",2012-06-13,Ended,60.0,,TNT,United States
239,Anger Management,English,Comedy,2012-06-28,Ended,30.0,http://www.fxnetworks.com/angermanagement,FX,United States
240,Cops,English,"Action, Crime",1989-03-11,Running,,https://nation.foxnews.com/cops-nation/,,
241,Benched,English,"Comedy, Legal",2014-10-28,Ended,30.0,http://www.usanetwork.com/benched,USA Network,United States
242,The Great Fire,English,Drama,2014-10-16,Ended,60.0,,ITV1,United Kingdom
243,Conan,English,Comedy,2010-11-08,Ended,30.0,https://teamcoco.com,TBS,United States
244,Strange Empire,English,"Drama, Western",2014-10-06,Ended,60.0,http://www.cbc.ca/strangeempire/,CBC,Canada
245,Town of the Living Dead,English,,2014-10-07,Ended,30.0,,Syfy,United States
246,Long Shadow,English,"War, History",2014-09-24,Ended,60.0,http://www.bbc.co.uk/programmes/b04jqxtl,BBC Two,United Kingdom
247,The Colbert Report,English,Comedy,2005-10-17,Ended,30.0,,Comedy Central,United States
248,Transporter: The Series,English,"Action, Adventure, Crime",2013-01-04,Ended,60.0,,RTL,Germany
249,The Daily Show with Jon Stewart,English,Comedy,1999-01-11,Ended,30.0,,Comedy Central,United States
250,Kirby Buckets,English,Comedy,2014-10-20,Ended,30.0,http://disneyxd.disney.com/kirby-buckets,Disney XD,United States
251,Downton Abbey,English,"Drama, Family, Romance",2010-09-26,Ended,60.0,,ITV1,United Kingdom
252,Girl Meets World,English,"Drama, Comedy, Family",2014-06-27,Ended,30.0,http://disneychannel.disney.com/girl-meets-world,Disney Channel,United States
253,Hell's Kitchen,English,Food,2005-05-30,Running,60.0,https://www.fox.com/hells-kitchen,FOX,United States
254,World Series of Poker,English,Sports,2006-08-22,Running,,,,
255,Anthony Bourdain: Parts Unknown,English,"Food, Travel",2013-04-14,Ended,60.0,https://explorepartsunknown.com/,CNN,United States
256,Comic Book Men,English,Comedy,2012-02-12,Ended,30.0,http://www.amc.com/shows/comic-book-men,AMC,United States
257,Key & Peele,English,Comedy,2012-01-31,Ended,30.0,http://www.cc.com/shows/key-and-peele,Comedy Central,United States
258,Glue,English,Drama,2014-09-15,Ended,60.0,http://www.channel4.com/programmes/glue,E4,United Kingdom
259,Southern Justice,English,Crime,2014-04-15,Ended,60.0,http://channel.nationalgeographic.com/southern-justice/,National Geographic,United States
260,Tosh.0,English,Comedy,2009-06-04,Ended,30.0,http://tosh.cc.com/,Comedy Central,United States
261,The Soup,English,Comedy,2004-07-30,Ended,30.0,https://www.eonline.com/shows/the_soup,E!,United States
262,The Driver,English,"Drama, Crime",2014-09-23,Ended,60.0,http://www.bbc.co.uk/programmes/b04jtk4m,BBC One,United Kingdom
263,Last Week Tonight with John Oliver,English,Comedy,2014-04-27,Running,30.0,http://www.hbo.com/last-week-tonight-with-john-oliver,HBO,United States
265,The Late Show with David Letterman,English,Comedy,1993-08-30,Ended,60.0,,CBS,United States
266,Mount Pleasant,English,"Drama, Comedy",2011-08-24,Ended,60.0,https://www.sky.com/watch/channel/sky-1/mount-pleasant,Sky Showcase,United Kingdom
267,Lovesick,English,"Comedy, Romance",2014-10-02,Ended,,https://www.netflix.com/title/80041601,,
268,Package Deal,English,Comedy,2013-06-18,Ended,30.0,https://web.archive.org/web/20140623105741/http://packagedeal.citytv.com/,Citytv,Canada
269,Peaky Blinders,English,"Drama, Crime, History",2013-09-12,Running,,http://www.bbc.co.uk/programmes/b045fz8r,BBC One,United Kingdom
270,The League,English,"Comedy, Sports",2009-10-29,Ended,30.0,,FXX,United States
271,Saving Hope,English,"Drama, Fantasy, Medical",2012-06-07,Ended,60.0,http://www.ctv.ca/SavingHope.aspx,CTV,Canada
272,Talking Dead,English,,2011-10-17,To Be Determined,60.0,https://www.amc.com/twdu/talking-dead/,AMC,United States
273,Black Dynamite,English,"Comedy, Action",2012-07-15,Ended,30.0,http://www.adultswim.com/videos/black-dynamite/,Adult Swim,United States
274,Bad Education,English,Comedy,2012-08-14,To Be Determined,,http://www.bbc.co.uk/programmes/p01djw5m,,
275,Ali G: Rezurection,English,Comedy,2014-02-26,Ended,30.0,,FXX,United States
276,New Tricks,English,"Drama, Comedy, Crime",2004-04-01,Ended,60.0,http://www.bbc.co.uk/programmes/b006t0qx,BBC One,United Kingdom
277,Brickleberry,English,Comedy,2012-09-25,Ended,30.0,http://www.cc.com/shows/brickleberry,Comedy Central,United States
278,Face Off,English,,2011-01-26,Ended,60.0,http://www.syfy.com/faceoff,Syfy,United States
279,Real Time with Bill Maher,English,,2003-02-21,Running,60.0,https://www.hbo.com/real-time-with-bill-maher,HBO,United States
280,Franklin & Bash,English,"Drama, Comedy, Legal",2011-06-01,Ended,60.0,,TNT,United States
281,Mock the Week,English,Comedy,2005-06-05,Ended,30.0,http://www.bbc.co.uk/programmes/b006t6vf,BBC Two,United Kingdom
282,Awkward.,English,"Drama, Comedy, Romance",2011-07-19,Ended,30.0,http://www.mtv.com/shows/awkward,MTV,United States
283,Faking It,English,"Comedy, Romance",2014-04-22,Ended,30.0,http://www.mtv.com/shows/faking-it,MTV,United States
284,Mr. Selfridge,English,Drama,2013-01-06,Ended,60.0,,ITV1,United Kingdom
285,"Signed, Sealed, Delivered",English,"Romance, Mystery",2013-10-12,To Be Determined,120.0,http://www.hallmarkmoviesandmysteries.com/signed-sealed-delivered,Hallmark Mystery,United States
286,Happy Valley,English,"Drama, Crime",2014-04-29,Ended,,http://www.bbc.co.uk/programmes/b06zqjpj,BBC One,United Kingdom
287,Kroll Show,English,Comedy,2013-01-16,Ended,30.0,,Comedy Central,United States
288,American Idol,English,Music,2002-06-11,Running,120.0,https://abc.com/shows/american-idol/,ABC,United States
289,America's Got Talent,English,Music,2006-06-21,To Be Determined,120.0,http://www.nbc.com/americas-got-talent,NBC,United States
290,Adventure Time,English,"Comedy, Adventure, Fantasy",2008-12-07,Ended,15.0,http://www.cartoonnetwork.com/video/adventuretime/,Cartoon Network,United States
291,Motive,English,"Drama, Crime, Mystery",2013-02-03,Ended,60.0,http://www.ctv.ca/Motive.aspx,CTV,Canada
292,The NEW Celebrity Apprentice,English,,2008-01-03,Ended,60.0,http://www.nbc.com/the-celebrity-apprentice,NBC,United States
293,Newswipe,English,Comedy,2009-03-25,Ended,30.0,http://www.bbc.co.uk/programmes/b00qbq57,BBC Four,United Kingdom
294,The Night Shift,English,"Drama, Action, Medical",2014-05-27,Ended,60.0,http://www.nbc.com/the-night-shift,NBC,United States
295,Top Chef,English,Food,2006-03-08,Running,75.0,http://www.bravotv.com/top-chef,Bravo,United States
296,Top Gear,English,,2010-11-21,Ended,60.0,http://www.history.com/shows/top-gear,History,United States
297,Undateable,English,"Comedy, Romance",2014-05-29,Ended,30.0,http://www.nbc.com/undateable,NBC,United States
298,Chasing Life,English,"Drama, Romance, Medical",2014-06-10,Ended,60.0,,Freeform,United States
299,Power,English,"Drama, Crime",2014-06-07,Ended,60.0,https://www.starz.com/series/power/episodes,STARZ,United States
300,Murder in the First,English,"Drama, Crime, Mystery",2014-06-09,Ended,60.0,http://www.tntdrama.com/shows/murder-in-the-first.html,TNT,United States
301,Hart of Dixie,English,"Drama, Comedy, Romance",2011-09-26,Ended,60.0,,The CW,United States
302,Trailer Park Boys,English,"Comedy, Crime",2001-04-22,Running,,https://www.netflix.com/title/70153385,,
303,Deadbeat,English,"Comedy, Supernatural",2014-04-09,Ended,,http://www.hulu.com/deadbeat,,
304,The Venture Bros.,English,"Comedy, Adventure",2003-02-16,Ended,30.0,http://www.adultswim.com/videos/the-venture-bros/,Adult Swim,United States
305,Black Mirror,English,"Drama, Science-Fiction, Thriller",2011-12-04,To Be Determined,,https://www.netflix.com/title/70264888,,
306,Broadchurch,English,"Drama, Crime, Mystery",2013-03-04,Ended,60.0,http://www.itv.com/theendiswhereitbegins,ITV1,United Kingdom
307,Bluestone 42,English,"Drama, Comedy, War",2013-03-05,Ended,30.0,http://www.bbc.co.uk/programmes/b03n3bsz,BBC Three,United Kingdom
308,Matador,English,"Drama, Action",2014-07-15,Ended,60.0,,El Rey Network,United States
309,Rogue,English,"Action, Crime",2013-04-03,Ended,60.0,http://rogue.directv.com/,Audience Network,United States
310,Married,English,"Drama, Comedy, Romance",2014-07-17,Ended,30.0,http://www.fxnetworks.com/shows/married/about,FX,United States
311,Satisfaction,English,"Drama, Comedy, Romance",2014-07-17,Ended,60.0,http://www.usanetwork.com/satisfaction,USA Network,United States
312,You're the Worst,English,"Drama, Comedy, Romance",2014-07-17,Ended,30.0,http://www.fxnetworks.com/shows/youre-the-worst,FXX,United States
313,Plebs,English,Comedy,2013-03-25,Ended,30.0,https://www.itv.com/watch/plebs/2a1873/2a1873a0023,ITV2,United Kingdom
314,VICE,English,"Drama, Crime",2013-04-05,Ended,30.0,https://www.sho.com/vice,Paramount+ with Showtime,United States
315,Archer,English,"Comedy, Action, Espionage",2009-09-17,Ended,,http://www.fxnetworks.com/archer,FXX,United States
316,The Missing,English,"Drama, Crime, Thriller",2014-10-28,Ended,60.0,http://www.bbc.co.uk/programmes/b07xt09g,BBC One,United Kingdom
317,Vicious,English,Comedy,2013-04-29,Ended,,,ITV1,United Kingdom
318,Community,English,Comedy,2009-09-17,Ended,30.0,http://www.nbc.com/community,,
319,Cougar Town,English,Comedy,2009-09-23,Ended,30.0,,TBS,United States
320,The Fall,English,"Drama, Crime, Thriller",2013-05-13,Ended,60.0,http://www.bbc.co.uk/programmes/p0295tcf,BBC Two,United Kingdom
321,Arrested Development,English,"Comedy, Family",2003-11-02,Ended,,https://www.netflix.com/title/70140358,,
322,Hit the Floor,English,"Drama, Romance, Sports",2013-05-27,Ended,60.0,https://www.bet.com/shows/hit-the-floor/,BET,United States
323,White Collar,English,"Drama, Comedy, Crime",2009-10-23,Ended,60.0,https://www.usanetwork.com/whitecollar,USA Network,United States
324,MasterChef,English,Food,2010-07-27,Running,60.0,http://www.fox.com/masterchef,FOX,United States
325,Being Mary Jane,English,"Drama, Family",2013-07-02,Ended,60.0,http://www.bet.com/shows/being-mary-jane.html,BET,United States
326,Undercover Boss,English,,2010-02-07,Ended,60.0,http://www.cbs.com/shows/undercover_boss/,CBS,United States
327,Inside Amy Schumer,English,Comedy,2013-04-30,Ended,,https://www.paramountplus.com/shows/inside-amy-schumer/,,
328,Midsomer Murders,English,"Drama, Crime, Mystery",1998-03-22,Running,,https://acorn.tv/midsomermurders/,,
329,Shark Tank,English,,2009-08-09,Running,60.0,https://abc.com/shows/shark-tank,ABC,United States
330,On the Menu,English,Food,2014-10-03,Ended,60.0,,TNT,United States
331,Deal With It,English,,2013-07-17,Ended,30.0,,TBS,United States
332,Alpha House,English,"Drama, Comedy",2013-04-19,Ended,,https://www.amazon.com/Alpha-House-Season-1/dp/B00CDZFRAI,,
333,The Game,English,"Drama, Comedy, Sports",2006-10-01,Ended,30.0,https://www.paramountplus.com/shows/the-game/,,
334,Drunk History,English,"Comedy, History",2013-07-09,Ended,30.0,http://www.cc.com/shows/drunk-history,Comedy Central,United States
335,Sherlock,English,"Drama, Crime, Mystery",2010-07-25,Ended,90.0,http://www.bbc.co.uk/programmes/b018ttws,BBC One,United Kingdom
336,Marvel's Agent Carter,English,"Action, Adventure, Science-Fiction",2015-01-06,Ended,60.0,http://abc.go.com/shows/marvels-agent-carter,ABC,United States
337,Ramsay's Costa Del Nightmares,English,Food,2014-09-23,Ended,60.0,http://www.channel4.com/programmes/ramsays-costa-del-nightmares,Channel 4,United Kingdom
338,Secrets and Lies,English,"Drama, Crime, Thriller",2015-03-01,Ended,60.0,http://abc.go.com/shows/secrets-and-lies/news/updates/secrets-and-lies-returning-for-season-2-050815,ABC,United States
339,American Crime,English,"Drama, Crime",2015-03-05,Ended,60.0,http://abc.go.com/shows/american-crime/,ABC,United States
340,The Librarians,English,"Action, Adventure, Supernatural",2014-12-07,Ended,60.0,http://www.tntdrama.com/shows/the-librarians.html,TNT,United States
341,Aquarius,English,"Drama, Crime",2015-05-28,Ended,60.0,http://www.nbc.com/aquarius,NBC,United States
342,Louie,English,"Drama, Comedy",2010-06-29,Ended,30.0,http://www.fxnetworks.com/louie/,FX,United States
343,Atlantis,English,"Drama, Adventure, Fantasy",2013-09-28,Ended,60.0,http://www.bbc.co.uk/programmes/b04st48f,BBC One,United Kingdom
344,Rizzoli & Isles,English,"Drama, Crime",2010-07-12,Ended,60.0,http://www.tntdrama.com/shows/rizzoli-isles.html,TNT,United States
345,Covert Affairs,English,"Drama, Action, Crime",2010-07-13,Ended,60.0,,USA Network,United States
346,Hot in Cleveland,English,Comedy,2010-06-16,Ended,30.0,http://www.tvland.com/shows/hot-in-cleveland,TV Land,United States
347,It's Always Sunny in Philadelphia,English,Comedy,2005-08-04,Running,30.0,http://www.fxnetworks.com/shows/its-always-sunny-in-philadelphia,FXX,United States
348,Melissa & Joey,English,"Comedy, Family",2010-08-17,Ended,30.0,http://abcfamily.go.com/shows/melissa-joey,Freeform,United States
349,The Wrong Mans,English,"Comedy, Crime, Thriller",2013-09-24,Ended,30.0,http://www.bbc.co.uk/programmes/p02bhkmm,BBC Two,United Kingdom
350,Last Comic Standing,English,Comedy,2003-06-10,Ended,60.0,http://www.nbc.com/last-comic-standing,NBC,United States
351,Baby Daddy,English,"Comedy, Family",2012-06-20,Ended,30.0,,Freeform,United States
352,The Exes,English,Comedy,2011-11-30,Ended,30.0,,TV Land,United States
353,Line of Duty,English,"Drama, Crime, Thriller",2012-06-26,To Be Determined,60.0,http://www.bbc.co.uk/programmes/p00yzlr0,BBC One,United Kingdom
354,Ground Floor,English,Comedy,2013-11-14,Ended,30.0,,TBS,United States
355,Mike & Molly,English,"Comedy, Family",2010-09-20,Ended,30.0,https://www.cbs.com/shows/mike_and_molly/8/,CBS,United States
356,Man Down,English,Comedy,2013-10-18,Ended,30.0,http://www.channel4.com/programmes/man-down,Channel 4,United Kingdom
357,Perception,English,"Drama, Crime",2012-07-09,Ended,60.0,,TNT,United States
358,Spartacus: Gods of the Arena,English,"Drama, Action, History",2011-01-21,Ended,60.0,https://www.starz.com/us/en/series/spartacus/season-2/8893,STARZ,United States
359,TripTank,English,Comedy,2014-04-02,Ended,30.0,http://www.cc.com/shows/triptank,Comedy Central,United States
360,Ripper Street,English,"Drama, Crime, Mystery",2012-12-30,Ended,60.0,http://www.bbc.co.uk/programmes/b03fvc1c,BBC Two,United Kingdom
361,Saturday Night Live,English,"Comedy, Music",1975-10-11,Running,93.0,http://www.nbc.com/saturday-night-live,NBC,United States
362,Switched at Birth,English,"Drama, Family",2011-06-06,Ended,60.0,,Freeform,United States
363,Late Night with Seth Meyers,English,Comedy,2014-02-24,Running,60.0,https://www.nbc.com/late-night-with-seth-meyers,NBC,United States
364,Single Ladies,English,"Drama, Romance",2011-05-30,Ended,60.0,,BET Her,United States
365,The After,English,"Drama, Science-Fiction, Mystery",2014-02-06,Ended,,,,
366,Sirens,English,Comedy,2014-03-06,Ended,30.0,http://www.usanetwork.com/sirens,USA Network,United States
367,Six Feet Under,English,"Drama, Comedy",2001-06-03,Ended,60.0,http://www.hbo.com/six-feet-under,HBO,United States
368,Red Dwarf,English,"Comedy, Science-Fiction",1988-02-15,Ended,,http://dave.uktv.co.uk/shows/red-dwarf/,U&Dave,United Kingdom
369,Wizards vs Aliens,English,"Fantasy, Science-Fiction",2012-10-29,Ended,25.0,http://www.bbc.co.uk/cbbc/shows/wizards-vs-aliens,CBBC,United Kingdom
370,Workaholics,English,Comedy,2011-04-06,Ended,30.0,http://www.cc.com/shows/workaholics,Comedy Central,United States
371,The Red Road,English,"Drama, Crime, Family",2014-02-27,Ended,60.0,,SundanceTV,United States
372,See Dad Run,English,Comedy,2012-10-06,Ended,30.0,,nick@nite,United States
373,Moone Boy,English,Comedy,2012-09-14,Ended,30.0,,Sky Showcase,United Kingdom
374,Inside No. 9,English,"Comedy, Thriller, Supernatural",2014-02-05,Ended,30.0,http://www.bbc.co.uk/programmes/b05p650r,BBC Two,United Kingdom
375,Broad City,English,Comedy,2014-01-22,Ended,30.0,http://www.cc.com/shows/broad-city,Comedy Central,United States
376,Portlandia,English,Comedy,2011-01-21,Ended,30.0,https://www.ifc.com/shows/portlandia--1000011,IFC,United States
377,The Musketeers,English,"Drama, Action, Adventure",2014-01-19,Ended,60.0,https://www.bbc.co.uk/programmes/b04ww8fq,BBC One,United Kingdom
378,Citizen Khan,English,"Comedy, Family",2012-08-27,Ended,30.0,http://www.bbc.co.uk/programmes/b03c8nd8,BBC One,United Kingdom
379,Mythbusters,English,"Adventure, Nature, DIY",2003-01-23,Ended,60.0,https://www.sciencechannel.com/tv-shows/mythbusters-on-science/,Science,United States
380,Birds of a Feather,English,Comedy,1989-10-16,Ended,30.0,http://www.bbc.co.uk/programmes/p00f6ftj,ITV1,United Kingdom
382,Aqua Teen Hunger Force,English,"Comedy, Action, Adventure",2000-12-30,Ended,15.0,https://www.adultswim.com/videos/aqua-teen-hunger-force,Adult Swim,United States
383,Peep Show,English,Comedy,2003-09-19,Ended,30.0,http://www.channel4.com/programmes/peep-show,Channel 4,United Kingdom
384,Major Crimes,English,"Drama, Action, Crime",2012-08-13,Ended,60.0,http://www.tntdrama.com/shows/major-crimes.html,TNT,United States
385,Mad Men,English,Drama,2007-07-19,Ended,60.0,https://www.amc.com/shows/mad-men--1002238,AMC,United States
386,Yonderland,English,"Comedy, Fantasy",2013-11-10,Ended,30.0,https://www.sky.com/watch/channel/sky-1/yonderland,Sky Showcase,United Kingdom
387,Rookie Blue,English,"Drama, Action, Crime",2010-06-24,Ended,60.0,http://www.globaltv.com/rookieblue/,Global,Canada
388,The Late Late Show with Craig Ferguson,English,Comedy,2005-01-03,Ended,60.0,,CBS,United States
390,Last Call with Carson Daly,English,,2002-01-08,Ended,30.0,https://www.nbc.com/last-call-with-carson-daly,NBC,United States
391,Life Is Toff,English,,2014-10-28,Ended,30.0,http://www.bbc.co.uk/programmes/b04n64wm,BBC Three,United Kingdom
392,Hunted,English,"Drama, Action, Thriller",2012-10-04,Ended,60.0,http://www.bbc.co.uk/programmes/p00vndpl,BBC One,United Kingdom
393,Video Game High School,English,"Comedy, Action, Science-Fiction",2012-05-11,Ended,30.0,https://www.rocketjump.com/category/vghs,,
394,Call the Midwife,English,"Drama, Medical",2012-01-15,Running,60.0,http://www.bbc.co.uk/programmes/p0118t80,BBC One,United Kingdom
395,Longmire,English,"Drama, Thriller, Western",2012-06-03,Ended,,https://www.netflix.com/title/70269479,,
396,Gravity Falls,English,"Adventure, Mystery, Supernatural",2012-06-15,Ended,30.0,,Disney XD,United States
397,Don't Trust the B---- in Apartment 23,English,Comedy,2012-04-11,Ended,30.0,,ABC,United States
398,Duck Dynasty,English,"Comedy, Adventure",2012-03-21,Ended,30.0,http://www.aetv.com/duck-dynasty,A&E,United States
399,The Client List,English,"Drama, Romance",2012-04-08,Ended,60.0,,Lifetime,United States
400,Copper,English,"Drama, Crime",2012-08-19,Ended,60.0,http://www.bbcamerica.com/shows/copper,BBC America,United States
401,Smash,English,Drama,2012-02-06,Ended,60.0,https://www.nbc.com/smash,NBC,United States
402,A Young Doctor's Notebook,English,"Drama, Comedy",2012-12-06,Ended,30.0,https://www.sky.com/watch/title/series/001c4384-53ee-4c9d-8b53-e04239bb10ee,Sky Arts,United Kingdom
403,Touch,English,"Drama, Science-Fiction, Mystery",2012-01-25,Ended,60.0,,FOX,United States
404,Magic City,English,"Drama, Crime, Mystery",2012-03-30,Ended,60.0,,STARZ,United States
405,Derek,English,"Drama, Comedy",2012-04-12,Ended,30.0,http://www.channel4.com/programmes/derek,Channel 4,United Kingdom
406,Men at Work,English,"Drama, Comedy",2012-05-24,Ended,30.0,,TBS,United States
407,Mortal Kombat: Legacy,English,"Action, Adventure, Fantasy",2011-04-12,Ended,10.0,,,
408,Jane by Design,English,"Drama, Comedy",2012-01-03,Ended,60.0,,Freeform,United States
409,Invader ZIM,English,Children,2001-03-30,Ended,30.0,,Nickelodeon,United States
410,Rival Survival,English,,,Ended,60.0,,Discovery,United States
411,The Cape,English,"Drama, Crime, Supernatural",2011-01-09,Ended,60.0,,NBC,United States
412,Fairly Legal,English,Drama,2011-01-20,Ended,60.0,,USA Network,United States
413,Whitney,English,"Comedy, Romance",2011-09-22,Ended,30.0,,NBC,United States
414,Duckman: Private Dick/Family Man,English,"Comedy, Crime",1994-03-05,Ended,30.0,,USA Network,United States
415,Olive Kitteridge,English,Drama,2014-11-02,Ended,60.0,http://www.hbo.com/olive-kitteridge,HBO,United States
416,Are You the One?,English,Romance,2014-01-21,Ended,,https://www.paramountplus.com/shows/are-you-the-one/,,
417,MasterChef Junior,English,"Children, Food",2013-09-27,To Be Determined,60.0,http://www.fox.com/masterchef-junior,FOX,United States
418,Chrisley Knows Best,English,"Comedy, Family",2014-03-11,Ended,30.0,https://www.usanetwork.com/chrisley-knows-best,USA Network,United States
419,Snooki & JWoww,English,,2012-06-21,Ended,30.0,,MTV,United States
420,Slednecks,English,,2014-10-30,Ended,30.0,,MTV,United States
421,Rugrats,English,"Comedy, Children",1991-08-11,Ended,30.0,,Nickelodeon,United States
422,A Gifted Man,English,"Drama, Fantasy, Medical",2011-09-23,Ended,60.0,,CBS,United States
423,Life's Too Short,English,Comedy,2011-11-10,Ended,30.0,http://www.bbc.co.uk/programmes/b017cj76,BBC Two,United Kingdom
424,Kourtney & Khloe Take the Hamptons,English,,2014-11-02,Ended,60.0,,E!,United States
425,The Passing Bells,English,"Drama, War, History",2014-11-03,Ended,30.0,http://www.bbc.co.uk/programmes/b04nz99y,BBC One,United Kingdom
426,The People Remember,English,History,2014-11-03,Ended,45.0,http://www.bbc.co.uk/programmes/b06nsc42,BBC One,United Kingdom
427,Buffy the Vampire Slayer,English,"Drama, Action, Supernatural",1997-03-10,Ended,60.0,,UPN,United States
428,Angel,English,"Drama, Action, Supernatural",1999-10-05,Ended,60.0,,The WB,United States
429,Farscape,English,"Action, Adventure, Science-Fiction",1999-03-19,Ended,60.0,,Syfy,United States
430,The X-Files,English,"Drama, Crime, Science-Fiction",1993-09-10,Ended,60.0,http://www.fox.com/the-x-files,FOX,United States
431,Friends,English,"Comedy, Romance",1994-09-22,Ended,30.0,,NBC,United States
432,Dollhouse,English,"Action, Science-Fiction",2009-02-13,Ended,60.0,,FOX,United States
433,Caprica,English,"Drama, Science-Fiction",2010-01-22,Ended,60.0,http://www.syfy.com/caprica/,Syfy,United States
434,Warehouse 13,English,"Drama, Science-Fiction, Mystery",2009-07-07,Ended,60.0,http://www.syfy.com/warehouse13,Syfy,United States
435,Smallville,English,"Drama, Adventure, Science-Fiction",2001-10-16,Ended,60.0,,The CW,United States
436,Dead Like Me,English,"Drama, Comedy, Supernatural",2003-06-27,Ended,60.0,,Paramount+ with Showtime,United States
437,Xena: Warrior Princess,English,"Action, Adventure, Fantasy",1995-09-04,Ended,60.0,,Syndication,United States
438,The Adventures of Sinbad,English,"Action, Adventure",1996-09-28,Ended,60.0,,Syndication,United States
439,Wolverine and the X-Men,English,"Action, Adventure, Science-Fiction",2008-09-08,Ended,30.0,,Nicktoons,United States
440,Everwood,English,"Drama, Family, Romance",2002-09-16,Ended,60.0,,The WB,United States
443,Once a Thief,English,"Comedy, Action, Thriller",1997-09-15,Ended,60.0,,CTV,Canada
444,XIII: The Series,English,"Action, Adventure",2011-04-20,Ended,60.0,,Showcase,Canada
445,Metal Hurlant Chronicles,English,"Action, Adventure, Science-Fiction",2012-10-27,Ended,30.0,http://www.france4.fr/emissions/metal-hurlant,France 4,France
446,Defying Gravity,English,"Drama, Science-Fiction, Thriller",2009-08-02,Ended,60.0,,CTV,Canada
447,Charlie's Angels,English,"Action, Crime",2011-09-22,Ended,60.0,,ABC,United States
448,The Universe,English,"Adventure, Family, Science-Fiction",2007-05-29,Ended,60.0,http://www.history.com/shows/the-universe,Vice TV,United States
449,True Justice,English,"Drama, Action, Crime",2012-03-30,Ended,60.0,http://www.reelz.com/truejustice/,REELZ,United States
450,Wolf Lake,English,"Drama, Crime, Supernatural",2001-09-19,Ended,60.0,,UPN,United States
451,Knight Rider,English,"Action, Adventure, Science-Fiction",2008-02-17,Ended,60.0,https://www.nbc.com/knight-rider,NBC,United States
452,The Deep,English,Drama,2010-08-03,Ended,60.0,http://www.bbc.co.uk/programmes/b00tc8r5,BBC One,United Kingdom
453,Tales from the Crypt,English,"Comedy, Fantasy, Horror",1989-06-10,Ended,30.0,,HBO,United States
454,Pacific Blue,English,"Drama, Action, Crime",1996-03-02,Ended,60.0,,USA Network,United States
455,Blade: The Series,English,"Action, Supernatural",2006-06-28,Ended,60.0,,Paramount Network,United States
456,Moonlight,English,"Drama, Horror, Romance",2007-09-28,Ended,60.0,,CBS,United States
457,The Event,English,"Drama, Action, Science-Fiction",2010-09-20,Ended,60.0,,NBC,United States
458,FlashForward,English,"Drama, Crime, Science-Fiction",2009-09-24,Ended,60.0,,ABC,United States
459,Harper's Island,English,"Horror, Thriller, Mystery",2009-04-09,Ended,60.0,,CBS,United States
460,Adventure Inc.,English,"Action, Adventure",2002-09-30,Ended,60.0,,Syndication,United States
461,Legend of the Seeker,English,"Action, Adventure, Fantasy",2008-11-01,Ended,60.0,,Syndication,United States
462,TekWar,English,"Action, Science-Fiction",1994-12-22,Ended,60.0,,Syndication,United States
463,Dark Skies,English,"Drama, Science-Fiction",1996-09-21,Ended,60.0,,NBC,United States
464,The Pacific,English,"Drama, Action, War",2010-03-14,Ended,60.0,http://www.hbo.com/the-pacific/index.html,HBO,United States
465,Band of Brothers,English,"Drama, Action, War",2001-09-09,Ended,60.0,http://www.hbo.com/band-of-brothers,HBO,United States
466,Columbo,English,"Drama, Crime, Mystery",1968-02-20,Ended,120.0,,ABC,United States
467,Blood Ties,English,"Fantasy, Horror, Mystery",2007-03-11,Ended,60.0,,Lifetime,United States
468,"Walker, Texas Ranger",English,"Drama, Action, Crime",1993-04-21,Ended,60.0,,CBS,United States
469,ReGenesis,English,"Drama, Science-Fiction, Mystery",2004-10-24,Ended,60.0,,Crave,Canada
470,The Prisoner,English,"Drama, Science-Fiction, Mystery",1967-10-01,Ended,50.0,,ITV1,United Kingdom
471,The Prisoner,English,"Drama, Science-Fiction, Mystery",2009-11-15,Ended,60.0,,AMC,United States
472,X-Men,English,"Children, Science-Fiction",1992-10-31,Ended,30.0,,FOX,United States
473,Veronica Mars,English,"Drama, Crime, Mystery",2004-09-22,Ended,,https://www.hulu.com/series/veronica-mars-4626972c-9da7-40fe-aed7-977f55f48fc5,,
474,Charlie's Angels,English,"Action, Adventure",1976-09-22,Ended,60.0,,ABC,United States
475,Babylon 5,English,"Drama, Action, Science-Fiction",1993-02-22,Ended,60.0,,TNT,United States
476,Dead Set,English,"Comedy, Fantasy, Horror",2008-10-27,Ended,30.0,http://www.channel4.com/programmes/dead-set,E4,United Kingdom
477,Son of the Beach,English,Comedy,2000-03-14,Ended,30.0,,FX,United States
478,Terminator: The Sarah Connor Chronicles,English,"Drama, Action, Science-Fiction",2008-01-13,Ended,60.0,,FOX,United States
479,Witchblade,English,"Action, Crime, Supernatural",2000-08-27,Ended,60.0,,TNT,United States
480,Birds of Prey,English,"Action, Adventure, Science-Fiction",2002-10-09,Ended,60.0,,The WB,United States
481,The Batman,English,"Action, Adventure, Science-Fiction",2004-09-11,Ended,30.0,,The CW,United States
482,Masters of Horror,English,Horror,2005-10-28,Ended,60.0,,Paramount+ with Showtime,United States
483,The 4400,English,"Drama, Science-Fiction, Mystery",2004-07-11,Ended,60.0,,USA Network,United States
484,Painkiller Jane,English,"Action, Adventure, Science-Fiction",2007-04-13,Ended,60.0,,Syfy,United States
485,Day Break,English,"Drama, Science-Fiction, Thriller",2006-11-15,Ended,60.0,,ABC,United States
486,Andromeda,English,"Action, Science-Fiction",2000-10-02,Ended,60.0,,Syfy,United States
487,Harsh Realm,English,"Drama, Action, Science-Fiction",1999-10-08,Ended,60.0,,FOX,United States
488,Naruto: Shippūden,Japanese,"Action, Adventure, Anime, Fantasy",2007-02-15,Ended,30.0,http://www.tv-tokyo.co.jp/anime/naruto/index2.html,TV Tokyo,Japan
489,Sonic Boom,English,"Comedy, Action, Children",2014-11-08,Ended,30.0,,Boomerang,United States
490,Star Trek,English,"Action, Adventure, Science-Fiction",1966-09-08,Ended,60.0,,NBC,United States
491,Star Trek: The Next Generation,English,"Action, Adventure, Science-Fiction",1987-09-28,Ended,60.0,,Syndication,United States
492,Star Trek: Voyager,English,"Action, Adventure, Science-Fiction",1995-01-16,Ended,60.0,,UPN,United States
493,Star Trek: Deep Space Nine,English,"Action, Adventure, Science-Fiction",1993-01-03,Ended,60.0,,Syndication,United States
494,V,English,"Drama, Adventure, Science-Fiction",2009-11-03,Ended,60.0,,ABC,United States
495,Naruto,Japanese,"Action, Adventure, Anime, Fantasy",2002-10-03,Ended,30.0,http://www.tv-tokyo.co.jp/anime/naruto/index2.html,TV Tokyo,Japan
496,100 Things to Do Before High School,English,"Comedy, Children",2014-11-11,Ended,30.0,http://www.nick.com/videos/clip/100-things-to-do-before-high-school-clip-two.html,Nickelodeon,United States
497,Strip the Cosmos,English,"Mystery, Nature, History",2014-11-12,Ended,,http://www.sciencechannel.com/tv-shows/strip-the-cosmos/,Science,United States
498,Dogs of War,English,War,2014-11-11,Ended,60.0,,A&E,United States
499,Married... with Children,English,"Comedy, Family, Adult",1987-04-05,Ended,30.0,,FOX,United States
500,Mutant X,English,"Action, Adventure, Science-Fiction",2001-10-06,Ended,60.0,,Syndication,United States
501,Northern Exposure,English,"Drama, Comedy",1990-07-12,Ended,60.0,,CBS,United States
502,The Lost World,English,"Action, Adventure, Science-Fiction",1999-04-03,Ended,60.0,,Syndication,United States
503,The Lost Room,English,"Drama, Science-Fiction, Thriller",2006-12-11,Ended,90.0,,Syfy,United States
504,Batman Beyond,English,"Action, Adventure, Science-Fiction",1999-01-10,Ended,30.0,,The WB,United States
505,Justice League Unlimited,English,"Action, Adventure, Science-Fiction",2004-07-31,Ended,30.0,,Cartoon Network,United States
506,Charmed,English,"Drama, Romance, Supernatural",1998-10-07,Ended,60.0,,The WB,United States
507,Angels in America,English,"Drama, Fantasy",2003-12-07,Ended,60.0,https://www.hbo.com/angels-in-america,HBO,United States
508,The Grid,English,"Drama, Thriller",2004-07-19,Ended,60.0,,TNT,United States
509,Mr. Sunshine,English,"Comedy, Sports",2011-02-09,Ended,30.0,,ABC,United States
510,Breaking In,English,"Comedy, Action, Crime",2011-04-06,Ended,30.0,https://web.archive.org/web/20120701202417/http://www.fox.com/breakingin/,FOX,United States
511,The Chicago Code,English,Drama,2011-02-07,Ended,60.0,,FOX,United States
512,Up All Night,English,Comedy,2011-09-14,Ended,30.0,,NBC,United States
513,The Nine Lives of Chloe King,English,"Drama, Action, Supernatural",2011-06-14,Ended,60.0,,Freeform,United States
514,Jessie,English,Comedy,2011-09-30,Ended,30.0,http://disneychannel.disney.com/jessie,Disney Channel,United States
515,The Borgias,English,"Drama, Romance, History",2011-04-03,Ended,60.0,,Paramount+ with Showtime,United States
516,Terra Nova,English,"Action, Adventure, Science-Fiction",2011-09-26,Ended,60.0,,FOX,United States
517,Psych,English,"Drama, Comedy, Crime",2006-07-07,Ended,60.0,http://www.usanetwork.com/psych,USA Network,United States
518,Bad Girls Club,English,,2006-12-05,Ended,60.0,http://www.oxygen.com/bad-girls-club,Oxygen True Crime,United States
519,Preachers of L.A.,English,,2013-10-09,Ended,60.0,http://www.oxygen.com/preachers-of-la,Oxygen True Crime,United States
520,Lie to Me,English,"Drama, Crime, Mystery",2009-01-21,Ended,60.0,,FOX,United States
521,The Real Housewives of New Jersey,English,,2009-05-12,Running,60.0,http://www.bravotv.com/the-real-housewives-of-new-jersey,Bravo,United States
522,Top Gear,English,,2002-10-20,Ended,60.0,http://www.bbc.co.uk/programmes/b006mj59,BBC One,United Kingdom
523,The West Wing,English,Drama,1999-09-22,Ended,60.0,,NBC,United States
524,Moonshiners,English,,2011-12-06,Running,60.0,https://go.discovery.com/show/moonshiners-discovery,Discovery,United States
525,Gilmore Girls,English,"Drama, Comedy, Romance",2000-10-05,Ended,60.0,,The CW,United States
526,The Office,English,Comedy,2005-03-24,Ended,30.0,http://www.nbc.com/the-office,NBC,United States
527,The Sopranos,English,"Drama, Crime",1999-01-10,Ended,60.0,http://www.hbo.com/the-sopranos,HBO,United States
528,The Flash,English,"Action, Adventure, Science-Fiction",1990-09-20,Ended,60.0,,CBS,United States
529,Cupcake Wars,English,Food,2010-06-13,Ended,60.0,http://www.foodnetwork.com/shows/cupcake-wars.html,Cooking Channel,United States
530,Seinfeld,English,Comedy,1989-07-05,Ended,30.0,http://www.sonypictures.com/tv/seinfeld/,NBC,United States
531,Breaking Amish,English,,2012-09-09,Ended,60.0,http://www.tlc.com/tv-shows/breaking-amish/,TLC,United States
532,Scrubs,English,"Drama, Comedy, Medical",2001-10-02,Ended,30.0,http://abc.go.com/,ABC,United States
533,Instant Mom,English,"Comedy, Family",2013-09-29,Ended,30.0,,TV Land,United States
534,Pawn Stars,English,,2009-07-19,Running,63.0,http://www.history.com/shows/pawn-stars,History,United States
535,Anthony Bourdain: No Reservations,English,"Food, Travel",2005-07-25,Ended,60.0,http://www.travelchannel.com/shows/anthony-bourdain,Travel Channel,United States
536,Whose Line Is It Anyway?,English,"Comedy, Family",1998-08-05,To Be Determined,30.0,https://www.cwtv.com/shows/whose-line-is-it-anyway/,The CW,United States
537,30 Rock,English,Comedy,2006-10-11,Ended,30.0,http://www.nbc.com/30-rock,NBC,United States
538,Futurama,English,"Comedy, Adventure, Science-Fiction",1999-03-28,Running,,https://www.hulu.com/series/futurama-85bf4cc1-cd8b-4469-ad87-7289217a0b74,,
539,The IT Crowd,English,Comedy,2006-02-03,Ended,30.0,http://www.channel4.com/programmes/the-it-crowd,Channel 4,United Kingdom
540,Frasier,English,Comedy,1993-09-16,Ended,30.0,,NBC,United States
541,Prison Break,English,"Drama, Crime, Thriller",2005-08-29,Ended,60.0,http://www.fox.com/prisonbreak,FOX,United States
542,Eureka,English,"Drama, Comedy, Science-Fiction",2006-07-18,Ended,60.0,,Syfy,United States
543,Monk,English,"Drama, Crime, Mystery",2002-07-12,Ended,60.0,,USA Network,United States
544,Home Improvement,English,"Comedy, Family",1991-09-17,Ended,30.0,,ABC,United States
545,Halo: Nightfall,English,"Action, Adventure, Science-Fiction",2014-11-11,Ended,30.0,,,
546,Babylon,English,"Drama, Comedy, Crime",2014-02-09,Ended,65.0,https://web.archive.org/web/20180618022047/https://www.channel4.com/programmes/babylon,Channel 4,United Kingdom
547,ER,English,"Drama, Medical",1994-09-19,Ended,60.0,,NBC,United States
548,Skins,English,"Drama, Comedy",2007-01-25,Ended,60.0,http://www.channel4.com/programmes/skins,E4,United Kingdom
549,Will & Grace,English,Comedy,1998-09-21,Ended,30.0,https://www.nbc.com/will-and-grace,NBC,United States
550,Desperate Housewives,English,"Drama, Mystery",2004-10-03,Ended,60.0,,ABC,United States
551,Curb Your Enthusiasm,English,Comedy,2000-10-15,Ended,30.0,http://www.hbo.com/curb-your-enthusiasm,HBO,United States
552,The King of Queens,English,"Comedy, Family",1998-09-21,Ended,30.0,http://www.sonypictures.com/tv/thekingofqueens/,CBS,United States
553,Cheers,English,Comedy,1982-09-30,Ended,30.0,,NBC,United States
554,Dark Angel,English,"Action, Science-Fiction",2000-10-03,Ended,60.0,,FOX,United States
555,Avatar: The Last Airbender,English,"Action, Adventure, Fantasy",2005-02-21,Ended,30.0,https://www.nick.com/shows/avatar,Nickelodeon,United States
556,Wilfred,English,"Drama, Comedy, Mystery",2011-06-23,Ended,30.0,http://www.fxnetworks.com/wilfred,FXX,United States
557,Alias,English,"Drama, Action, Espionage",2001-09-30,Ended,60.0,,ABC,United States
558,Persons Unknown,English,"Drama, Thriller, Mystery",2010-06-07,Ended,60.0,,NBC,United States
559,Entourage,English,"Drama, Comedy",2004-07-18,Ended,30.0,http://www.hbo.com/entourage,HBO,United States
560,One Tree Hill,English,Drama,2003-09-23,Ended,60.0,,The CW,United States
561,La Femme Nikita,English,"Drama, Action, Thriller",1997-01-13,Ended,60.0,,USA Network,United States
562,Law & Order,English,"Drama, Crime, Legal",1990-09-13,Running,60.0,https://www.nbc.com/law-order,NBC,United States
563,Star Wars: The Clone Wars,English,"Action, Adventure, Science-Fiction",2008-10-03,Ended,30.0,https://www.starwars.com/series/star-wars-the-clone-wars,,
564,Nip/Tuck,English,"Drama, Medical",2003-07-22,Ended,60.0,,FX,United States
565,Deadwood,English,"Drama, Crime, Western",2004-03-21,Ended,60.0,https://www.hbo.com/deadwood,HBO,United States
566,Ghost Whisperer,English,"Drama, Fantasy",2005-09-23,Ended,60.0,,CBS,United States
567,Gossip Girl,English,"Drama, Romance",2007-09-19,Ended,60.0,,The CW,United States
568,Malcolm in the Middle,English,Comedy,2000-01-09,Running,,,,
569,Dharma & Greg,English,"Comedy, Family, Romance",1997-09-24,Ended,30.0,,ABC,United States
570,NYPD Blue,English,"Drama, Crime",1993-09-21,Ended,60.0,,ABC,United States
571,The Glades,English,"Drama, Action, Crime",2010-07-11,Ended,60.0,,A&E,United States
572,American Pickers,English,"Travel, History",2010-01-18,Running,60.0,https://www.history.com/shows/american-pickers,History,United States
573,Everybody Loves Raymond,English,"Comedy, Family",1996-09-13,Ended,30.0,,CBS,United States
574,Happy Endings,English,Comedy,2011-04-13,Ended,30.0,,ABC,United States
575,Keeping Up with the Kardashians,English,Drama,2007-10-14,Ended,60.0,http://www.eonline.com/shows/kardashians,E!,United States
576,CSI: Miami,English,"Drama, Crime",2002-09-23,Ended,60.0,,CBS,United States
577,Fawlty Towers,English,Comedy,1975-09-19,Ended,30.0,http://www.bbc.co.uk/programmes/b006xxvg,BBC Two,United Kingdom
578,90210,English,"Drama, Romance",2008-09-02,Ended,60.0,,The CW,United States
579,Harry's Law,English,"Drama, Legal",2011-01-17,Ended,60.0,,NBC,United States
580,Raising Hope,English,"Comedy, Family",2010-09-21,Ended,30.0,,FOX,United States
581,JAG,English,"Drama, Crime, Legal",1995-09-23,Ended,60.0,,CBS,United States
582,The Fresh Prince of Bel-Air,English,"Comedy, Family",1990-09-10,Ended,30.0,,NBC,United States
583,Sliders,English,"Adventure, Fantasy, Science-Fiction",1995-03-22,Ended,60.0,,Syfy,United States
584,Las Vegas,English,"Drama, Crime",2003-09-22,Ended,60.0,,NBC,United States
585,Ghost Hunters,English,Supernatural,2004-10-06,To Be Determined,60.0,https://www.syfy.com/ghost-hunters/photos,Travel Channel,United States
586,Breakout Kings,English,"Drama, Action, Crime",2011-03-06,Ended,60.0,,A&E,United States
587,That '70s Show,English,Comedy,1998-08-23,Ended,30.0,,FOX,United States
588,NTSF:SD:SUV,English,"Comedy, Espionage",2011-07-22,Ended,15.0,,Adult Swim,United States
589,Bad Teacher,English,Comedy,2014-04-24,Ended,30.0,,CBS,United States
590,Pokémon,Japanese,"Adventure, Anime, Fantasy",1997-04-01,Running,30.0,https://www.tv-tokyo.co.jp/anime/pocketmonster/,TV Tokyo,Japan
591,Eat: The Story of Food,English,Food,2014-11-21,Ended,60.0,,National Geographic,United States
592,"Dr. Oakley, Yukon Vet",English,,2014-04-12,Running,60.0,https://www.nationalgeographic.com/tv/shows/dr-oakley-yukon-vet,National Geographic Wild,United States
593,Murdoch Mysteries,English,"Drama, Crime, Mystery",2008-01-24,Running,,https://gem.cbc.ca/murdoch-mysteries,,
594,Henry Danger,English,"Comedy, Family, Science-Fiction",2014-07-26,Ended,30.0,http://www.nick.com/henry-danger/,Nickelodeon,United States
595,The Thundermans,English,"Comedy, Family, Science-Fiction",2013-10-14,Ended,30.0,https://www.nick.com/shows/the-thundermans,Nickelodeon,United States
597,The Real Housewives of Atlanta,English,,2008-10-07,Running,60.0,http://www.bravotv.com/the-real-housewives-of-atlanta,Bravo,United States
598,Boston Legal,English,"Drama, Comedy, Legal",2004-10-03,Ended,60.0,,ABC,United States
599,Hair Jacked,English,,2014-10-27,Ended,30.0,,truTV,United States
600,Crowd Control,English,,2014-11-24,Ended,30.0,,National Geographic,United States
601,Fake Off,English,,2014-10-27,Ended,60.0,,truTV,United States
602,Euros of Hollywood,English,,2014-11-03,Ended,30.0,,Bravo,United States
603,Godfather of Pittsburgh,English,,2014-11-10,Ended,60.0,,A&E,United States
604,Booze Traveler,English,"Food, Travel",2014-11-24,Ended,60.0,http://www.travelchannel.com/shows/booze-traveler/,Travel Channel,United States
605,Eric Greenspan is Hungry,English,"Food, Travel",2014-11-24,Ended,30.0,,National Geographic,United States
607,Air Warriors,English,"Drama, Action, War",2014-11-09,Ended,60.0,https://www.smithsonianchannel.com/shows/air-warriors,Smithsonian Channel,United States
609,The Astronaut Wives Club,English,"Drama, History",2015-06-18,Ended,60.0,http://abc.go.com/shows/the-astronaut-wives-club,ABC,United States
610,Galavant,English,"Comedy, Fantasy, Music",2015-01-04,Ended,30.0,http://abc.go.com/shows/galavant,ABC,United States
611,Wake Up Call,English,Drama,2014-12-12,Ended,60.0,,TNT,United States
612,Expedition Unknown,English,"Adventure, Mystery, History",2015-01-08,Running,,https://www.discovery.com/shows/expedition-unknown,Discovery,United States
613,Eye Candy,English,"Drama, Crime, Thriller",2015-01-12,Ended,60.0,,MTV,United States
614,12 Monkeys,English,"Drama, Adventure, Science-Fiction",2015-01-16,Ended,60.0,https://www.syfy.com/12-monkeys,Syfy,United States
615,Sons of Liberty,English,"Drama, Action, History",2015-01-25,Ended,120.0,http://www.history.com/shows/sons-of-liberty/about,History,United States
616,Street Art Throwdown,English,,2015-02-03,Ended,60.0,http://www.oxygen.com/street-art-throwdown,Oxygen True Crime,United States
617,Allegiance,English,"Drama, Crime, Thriller",2015-02-05,Ended,60.0,https://www.nbc.com/allegiance?nbc=1,NBC,United States
618,Better Call Saul,English,"Drama, Crime, Legal",2015-02-08,Ended,60.0,https://www.amc.com/shows/better-call-saul--1002228,AMC,United States
619,Outlaw Country,English,"Drama, Crime",2015-02-24,Ended,60.0,,NewsNation,United States
620,The Last Man on Earth,English,"Comedy, Science-Fiction",2015-03-01,Ended,30.0,http://www.fox.com/the-last-man-on-earth,FOX,United States
621,Backstrom,English,"Drama, Comedy, Crime",2015-01-22,Ended,60.0,http://www.fox.com/backstrom/,FOX,United States
622,Wrestling with Death,English,,2015-01-13,Ended,30.0,,NewsNation,United States
623,Younger,English,"Comedy, Romance",2015-03-31,Ended,,https://www.paramountplus.com/shows/younger/,,
624,Hindsight,English,"Drama, Comedy, Science-Fiction",2015-01-07,Ended,60.0,http://www.vh1.com/shows/hindsight,VH1,United States
625,Polka Kings,English,,2015-04-11,Ended,30.0,,REELZ,United States
626,A.D. The Bible Continues,English,"Drama, Adventure",2015-04-05,Ended,60.0,,NBC,United States
627,Dig,English,"Drama, Thriller, Mystery",2015-03-05,Ended,60.0,,USA Network,United States
628,Rock This Boat: New Kids on the Block,English,,2015-01-14,Ended,30.0,,Pop,United States
629,Kitchen Inferno,English,Food,2014-11-05,Ended,60.0,,Food Network,United States
630,Murder Book,English,Crime,2014-12-02,Ended,60.0,http://www.investigationdiscovery.com/tv-shows/murder-book/,Investigation Discovery,United States
631,My Strange Criminal Addiction,English,Crime,2014-12-01,Ended,60.0,,Investigation Discovery,United States
632,Momsters: When Moms Go Bad,English,,2014-11-28,Ended,30.0,,Investigation Discovery,United States
633,Food Truck Face Off,English,,2014-09-28,Ended,60.0,,Food Network,United States
634,Love the Way You Lie,English,"Drama, Crime",2014-11-12,Ended,60.0,,Investigation Discovery,United States
635,Ascension,English,"Drama, Science-Fiction",2014-12-15,Ended,120.0,,Syfy,United States
636,The Pioneers,English,,2014-12-09,Ended,60.0,,National Geographic,United States
637,Girlfriends' Guide to Divorce,English,"Drama, Comedy, Romance",2014-12-02,Ended,60.0,http://www.bravotv.com/girlfriends-guide-to-divorce,Bravo,United States
638,Sacred Journeys with Bruce Feiler,English,,2014-12-16,Ended,120.0,,PBS,United States
640,Hitler the Junkie,English,"Drama, War",2014-12-14,Ended,60.0,,National Geographic,United States
641,Biblical Conspiracies,English,History,2014-12-14,Ended,60.0,http://www.sciencechannel.com/tv-shows/biblical-conspiracies/,Science,United States
643,Amish Renogades,English,"Travel, DIY",2014-11-22,Ended,30.0,,Magnolia Network,United States
644,The Carbonaro Effect,English,Comedy,2014-05-15,Ended,30.0,http://www.trutv.com/shows/the-carbonaro-effect/index.html,truTV,United States
645,Barmageddon,English,,2014-10-29,Ended,60.0,,truTV,United States
646,My Crazy Love,English,Romance,2014-10-28,Ended,30.0,http://www.oxygen.com/my-crazy-love,Oxygen True Crime,United States
647,Friends of the People,English,Comedy,2014-10-28,Ended,30.0,http://www.trutv.com/shows/friends-of-the-people/index.html,truTV,United States
648,Bye Felicia!,English,,2014-12-09,Ended,60.0,http://www.vh1.com/shows/bye-felicia,VH1,United States
649,Nail'd It!,English,,2014-10-07,Ended,60.0,http://www.oxygen.com/naild-it,Oxygen True Crime,United States
650,The Red Tent,English,Drama,2014-12-07,Ended,120.0,http://www.mylifetime.com/movies/the-red-tent,Lifetime,United States
651,Risking It All,English,,2014-11-18,Ended,60.0,,TLC,United States
652,The Sisterhood: Becoming Nuns,English,,2014-11-25,Ended,60.0,,Lifetime,United States
653,Lucha Underground,English,,2014-10-29,Ended,60.0,,El Rey Network,United States
654,Country Buck$,English,,2014-11-19,Ended,30.0,,A&E,United States
655,Ally McBeal,English,"Drama, Comedy, Legal",1997-09-08,Ended,60.0,,FOX,United States
656,Spin City,English,Comedy,1996-09-17,Ended,30.0,,ABC,United States
657,Spooks,English,"Drama, Thriller, Espionage",2002-05-13,Ended,60.0,http://www.bbc.co.uk/programmes/b006mf4b,BBC One,United Kingdom
658,Crossbones,English,"Drama, Action, Adventure",2014-05-30,Ended,60.0,,NBC,United States
659,Torchwood,English,"Drama, Science-Fiction",2006-10-22,Ended,,http://www.bbc.co.uk/programmes/b006m8ln,STARZ,United States
660,Joey,English,"Comedy, Romance",2004-09-09,Ended,30.0,,NBC,United States
661,The Great Christmas Light Fight,English,,2013-12-09,Running,60.0,https://abc.com/shows/the-great-christmas-light-fight,ABC,United States
662,Leverage,English,"Drama, Action, Crime",2008-12-07,Ended,60.0,,TNT,United States
663,The Shield,English,"Drama, Crime",2002-03-12,Ended,60.0,,FX,United States
664,Make It or Break It,English,"Drama, Comedy, Sports",2009-06-22,Ended,60.0,,Freeform,United States
665,M*A*S*H,English,"Comedy, War, Medical",1972-09-17,Ended,30.0,,CBS,United States
666,Drop Dead Diva,English,"Drama, Comedy",2009-07-12,Ended,60.0,,Lifetime,United States
667,Burn Notice,English,"Drama, Action, Crime",2007-06-28,Ended,60.0,http://www.usanetwork.com/burnnotice,USA Network,United States
668,Teenage Mutant Ninja Turtles,English,"Comedy, Action, Science-Fiction",2012-09-28,Ended,30.0,http://www.nick.com/ninja-turtles/,Nicktoons,United States
669,In the Flesh,English,"Drama, Horror, Supernatural",2013-03-17,Ended,60.0,http://www.bbc.co.uk/programmes/b042ckss,BBC Three,United Kingdom
670,Luther,English,"Drama, Crime, Thriller",2010-05-04,Ended,60.0,http://www.bbc.co.uk/programmes/b00vk2lp,BBC One,United Kingdom
671,The Avengers: Earth's Mightiest Heroes!,English,"Action, Adventure, Science-Fiction",2010-09-22,Ended,30.0,,Disney XD,United States
672,Phineas and Ferb,English,"Comedy, Children",2007-08-17,Running,,https://www.disneyplus.com/browse/entity-dd2d65ba-4473-4bec-885d-6b71ee699820,,
673,Roswell,English,"Drama, Romance, Science-Fiction",1999-10-06,Ended,60.0,,UPN,United States
674,Southland,English,"Drama, Crime, Thriller",2009-04-09,Ended,60.0,https://www.fox.com/southland/,FOX,United States
675,Ancient Aliens,English,,2009-03-08,Running,60.0,http://www.history.com/shows/ancient-aliens,History,United States
676,Sex and the City,English,"Drama, Comedy, Romance",1998-06-06,Ended,30.0,http://www.hbo.com/sex-and-the-city,HBO,United States
677,Rome,English,"Drama, Action, Adventure",2005-08-28,Ended,60.0,https://www.hbo.com/rome,HBO,United States
678,My Name Is Earl,English,Comedy,2005-09-20,Ended,30.0,https://www.nbc.com/my-name-is-earl,NBC,United States
679,Damages,English,"Drama, Legal",2007-07-24,Ended,60.0,,Audience Network,United States
680,Airwolf,English,"Action, Adventure, Science-Fiction",1984-01-22,Ended,60.0,,USA Network,United States
681,The Pretender,English,"Drama, Adventure, Mystery",1996-09-19,Ended,60.0,https://www.thepretenderlives.com/,NBC,United States
682,Numb3rs,English,"Drama, Action, Crime",2005-01-23,Ended,60.0,,CBS,United States
683,Boy Meets World,English,"Drama, Comedy, Family",1993-09-24,Ended,30.0,,ABC,United States
684,Necessary Roughness,English,"Drama, Comedy",2011-06-29,Ended,60.0,,USA Network,United States
685,Dance Moms,English,"Drama, Family, Music",2011-07-13,Running,30.0,http://www.mylifetime.com/shows/dance-moms,Lifetime,United States
686,Robot Chicken,English,"Comedy, Science-Fiction",2005-02-20,To Be Determined,15.0,http://www.adultswim.com/videos/robot-chicken/,Adult Swim,United States
687,Project Runway,English,,2004-12-01,To Be Determined,60.0,https://www.freeform.com/show/eaae4038-0848-4819-822f-35c2dcaf47eb,Freeform,United States
688,Manhattan,English,Drama,2014-07-27,Ended,60.0,http://wgnamerica.com/series/manhattan,NewsNation,United States
689,Young Justice,English,"Action, Adventure, Science-Fiction",2010-11-26,Ended,,https://www.hbomax.com/series/urn:hbo:series:GX3ZDNQA_j8LCSgEAAAXR,,
690,Roseanne,English,"Comedy, Family",1988-10-18,Ended,30.0,http://abc.go.com/shows/roseanne,ABC,United States
691,Daniel Tiger's Neighborhood,English,"Comedy, Children, Fantasy",2012-09-03,Running,,https://pbskids.org/daniel/,PBS Kids,United States
692,Everybody Hates Chris,English,Comedy,2005-09-22,Ended,30.0,,The CW,United States
693,Jeeves & Wooster,English,Comedy,1990-04-22,Ended,60.0,,ITV1,United Kingdom
694,Monty Python's Flying Circus,English,Comedy,1969-10-05,Ended,30.0,,BBC One,United Kingdom
695,Durarara!!,Japanese,"Drama, Action, Anime, Fantasy",2010-01-08,Ended,25.0,,MBS,Japan
696,The X Factor,English,Music,2004-09-04,Ended,60.0,http://www.itv.com/xfactor,ITV1,United Kingdom
697,The Critic,English,Comedy,1994-01-26,Ended,30.0,,FOX,United States
698,Peg + Cat,English,Children,2013-10-07,Ended,15.0,,PBS,United States
699,Play for Today,English,"Drama, Science-Fiction",1970-10-15,Ended,75.0,http://www.bbc.co.uk/programmes/b00cnhjw,BBC One,United Kingdom
700,Marco Polo,English,"Drama, Action, Adventure",2014-12-12,Ended,,https://www.netflix.com/title/70305883,,
701,Dancing on the Edge,English,Drama,2013-02-04,Ended,90.0,http://www.bbc.co.uk/programmes/p013qqwt,BBC Two,United Kingdom
702,Gold Rush,English,"Action, Adventure, Nature",2010-12-03,Running,60.0,https://go.discovery.com/show/gold-rush-discovery,Discovery,United States
703,QI,English,Comedy,2003-09-11,Running,,http://www.bbc.co.uk/programmes/b006ml0g,,
704,Shaun the Sheep,English,"Comedy, Children",2007-03-05,To Be Determined,,http://www.bbc.co.uk/cbbc/shows/shaun-the-sheep,,
705,Fast N' Loud,English,,2012-06-06,Ended,60.0,http://www.discovery.com/tv-shows/fast-n-loud/,Discovery,United States
706,Teen Titans Go!,English,"Comedy, Action, Science-Fiction",2013-04-23,Running,15.0,http://www.cartoonnetwork.com/video/teen-titans-go/,Cartoon Network,United States
707,Sofia the First,English,"Adventure, Children, Fantasy",2013-01-11,Ended,30.0,https://www.disneyjunior.disney.com/sofia-the-first,Disney Channel,United States
708,Lilyhammer,English,"Drama, Comedy, Crime",2012-01-25,Ended,45.0,https://tv.nrk.no/serie/lilyhammer,NRK1,Norway
709,An Idiot Abroad,English,"Comedy, Adventure, Travel",2010-09-23,Ended,60.0,https://www.sky.com/new-search/an-idiot-abroad-959d38fd-f9c0-43b7-a59e-76b95039efb4?q=An%20Idiot,Sky Showcase,United Kingdom
710,Mickey Mouse Clubhouse,English,"Comedy, Children",2006-05-06,Ended,25.0,,Disney Channel,United States
711,Who's the Boss?,English,"Comedy, Family",1984-09-20,Ended,30.0,,ABC,United States
712,The Tudors,English,"Drama, History",2007-04-01,Ended,60.0,http://www.sho.com/the-tudors,Paramount+ with Showtime,United States
713,SpongeBob SquarePants,English,"Comedy, Adventure, Fantasy",1999-05-01,Running,15.0,http://www.nick.com/spongebob-squarepants/,Nickelodeon,United States
714,Star Trek: Enterprise,English,"Action, Adventure, Science-Fiction",2001-09-26,Ended,60.0,,UPN,United States
716,Spartacus,English,"Drama, Action, History",2010-01-22,Ended,60.0,https://www.starz.com/us/en/series/spartacus/5972,STARZ,United States
717,Quantum Leap,English,"Drama, Action, Science-Fiction",1989-03-26,Ended,60.0,,NBC,United States
718,The Tonight Show Starring Jimmy Fallon,English,Comedy,2014-02-17,Running,60.0,http://www.nbc.com/the-tonight-show,NBC,United States
719,Tanked,English,,2011-08-07,Ended,60.0,http://www.animalplanet.com/tv-shows/tanked/,Animal Planet,United States
720,Rules of Engagement,English,"Comedy, Romance",2007-02-05,Ended,30.0,http://www.cbs.com/shows/rules_of_engagement,CBS,United States
721,Pawnography,English,,2014-07-10,Ended,30.0,http://www.history.com/shows/pawnography,History,United States
722,The Golden Girls,English,"Drama, Comedy",1985-09-14,Ended,30.0,,NBC,United States
725,Where on Earth is Carmen Sandiego?,English,"Action, Adventure",1994-02-05,Ended,30.0,,FOX,United States
726,WWII in HD,English,"War, History",2009-11-15,Ended,120.0,http://www.history.com/shows/wwii-in-hd,History,United States
727,Pee-Wee's Playhouse,English,Comedy,1986-09-13,Ended,30.0,,CBS,United States
728,The Profit,English,,2013-07-30,Ended,60.0,https://www.cnbc.com/the-profit/,CNBC,United States
729,Casualty,English,"Drama, Medical",1986-09-06,Running,,http://www.bbc.co.uk/programmes/b006m8wd,,
730,Blue Mountain State,English,"Comedy, Sports",2010-01-11,Ended,30.0,,Paramount Network,United States
731,Bar Rescue,English,Food,2011-07-17,Running,60.0,https://www.paramountnetwork.com/shows/bar-rescue,Paramount Network,United States
732,Fresh Off the Boat,English,Comedy,2015-02-04,Ended,30.0,http://abc.go.com/shows/fresh-off-the-boat,ABC,United States
733,The Whispers,English,"Drama, Science-Fiction, Thriller",2015-06-01,Ended,60.0,http://abc.go.com/shows/the-whispers,ABC,United States
734,Battle Creek,English,"Drama, Comedy, Crime",2015-03-01,Ended,60.0,https://web.archive.org/web/20150913220908/http://www.cbs.com/shows/battle-creek/,CBS,United States
735,CSI: Cyber,English,"Drama, Action, Crime",2015-03-04,Ended,60.0,http://www.cbs.com/shows/csi-cyber,CBS,United States
736,Teenage Mutant Ninja Turtles,English,"Comedy, Action, Science-Fiction",2003-02-08,Ended,30.0,,The CW,United States
737,Bubble Guppies,English,Children,2011-01-24,Ended,30.0,https://www.nickjr.com/shows/bubble-guppies,Nickelodeon,United States
738,Pregnant in Heels,English,,2011-04-05,Ended,60.0,,Bravo,United States
739,The Odd Couple,English,Comedy,2015-02-19,Ended,30.0,http://www.cbs.com/shows/the-odd-couple/,CBS,United States
740,Zoo,English,"Drama, Science-Fiction, Thriller",2015-06-30,Ended,60.0,http://www.cbs.com/shows/zoo/,CBS,United States
741,Are You Smarter Than a 5th Grader?,English,,2007-02-27,Ended,60.0,,FOX,United States
742,10 Things I Hate About You,English,"Drama, Comedy",2009-07-07,Ended,30.0,,Freeform,United States
743,The Bachelorette,English,Romance,2003-01-08,Running,120.0,https://abc.com/shows/the-bachelorette,ABC,United States
744,NY Med,English,"Drama, Medical",2012-07-10,Ended,60.0,,ABC,United States
745,The Real Housewives of Beverly Hills,English,,2010-10-14,Running,60.0,http://www.bravotv.com/the-real-housewives-of-beverly-hills,Bravo,United States
746,Shameless,English,"Drama, Comedy, Family",2004-01-13,Ended,60.0,http://www.channel4.com/programmes/shameless,Channel 4,United Kingdom
747,Naked and Afraid,English,"Adventure, Nature",2013-06-23,Running,120.0,http://www.discovery.com/tv-shows/naked-and-afraid/,Discovery,United States
748,Oz,English,"Drama, Crime",1997-07-12,Ended,60.0,http://www.hbo.com/oz/,HBO,United States
749,CSI: NY,English,"Drama, Action, Crime",2004-09-22,Ended,60.0,,CBS,United States
750,The Real Housewives of New York City,English,,2008-03-04,Running,60.0,http://www.bravotv.com/the-real-housewives-of-new-york-city,Bravo,United States
751,The Graham Norton Show,English,Comedy,2007-02-22,Running,50.0,http://www.bbc.co.uk/programmes/b006xnzc,BBC One,United Kingdom
752,My Boys,English,"Drama, Comedy",2006-11-28,Ended,30.0,,TBS,United States
753,Comedy Bang! Bang!,English,Comedy,2012-06-08,Ended,30.0,http://www.ifc.com/shows/comedy-bang-bang,IFC,United States
754,Kill la Kill,Japanese,"Action, Adventure, Anime, Fantasy",2013-10-04,Ended,25.0,,MBS,Japan
755,Freaks and Geeks,English,"Drama, Comedy",1999-09-25,Ended,60.0,,NBC,United States
756,Not Going Out,English,Comedy,2006-10-06,Running,,http://www.bbc.co.uk/programmes/b006mw70,,
757,Batman: The Animated Series,English,"Action, Adventure, Science-Fiction",1992-09-05,Ended,30.0,,FOX,United States
758,The Secret Life of the American Teenager,English,"Drama, Comedy, Family",2008-07-01,Ended,60.0,https://www.freeform.com/shows/the-secret-life-of-the-american-teenager,Freeform,United States
759,Good Luck Charlie,English,"Comedy, Family",2010-04-04,Ended,30.0,,Disney Channel,United States
760,Miami Vice,English,"Drama, Action, Crime",1984-09-16,Ended,60.0,,NBC,United States
761,Edge of Alaska,English,,2014-10-24,Ended,60.0,http://www.discovery.com/tv-shows/edge-of-alaska/,Discovery,United States
762,The Big C,English,"Drama, Comedy",2010-08-16,Ended,30.0,,Paramount+ with Showtime,United States
763,The Honourable Woman,English,"Drama, Thriller, Espionage",2014-07-03,Ended,60.0,http://www.bbc.co.uk/programmes/p01z78nq,BBC Two,United Kingdom
764,Bored to Death,English,"Drama, Comedy, Crime",2009-09-20,Ended,30.0,http://www.hbo.com/bored-to-death,HBO,United States
765,Teen Titans,English,"Action, Adventure, Science-Fiction",2003-07-19,Ended,30.0,,Cartoon Network,United States
766,Doctor Who,English,"Action, Adventure, Science-Fiction",1963-11-23,Ended,25.0,https://www.bbc.co.uk/programmes/p0ggwr8l,BBC One,United Kingdom
767,How It's Made,English,,2001-01-06,Ended,30.0,https://www.discovery.ca/Discovery-Science/How-It-s-Made,USA Network,Canada
768,Planet Earth,English,Nature,2006-03-05,Ended,60.0,http://www.bbc.co.uk/programmes/b006mywy,BBC One,United Kingdom
769,Better Off Ted,English,Comedy,2009-03-18,Ended,30.0,,ABC,United States
770,Private Practice,English,"Drama, Romance, Medical",2007-09-26,Ended,60.0,,ABC,United States
771,Royal Pains,English,"Drama, Comedy, Family",2009-06-04,Ended,60.0,http://www.usanetwork.com/royalpains,USA Network,United States
772,Cold Case,English,"Drama, Crime",2003-09-28,Ended,60.0,,CBS,United States
773,Medium,English,"Drama, Crime, Supernatural",2005-01-03,Ended,60.0,,CBS,United States
774,The Cleveland Show,English,Comedy,2009-09-27,Ended,30.0,,FOX,United States
775,The Closer,English,"Drama, Crime, Mystery",2005-06-13,Ended,60.0,,TNT,United States
776,The O.C.,English,"Drama, Comedy, Romance",2003-08-05,Ended,60.0,,FOX,United States
777,Hannah Montana,English,"Comedy, Family, Music",2006-03-24,Ended,30.0,,Disney Channel,United States
778,Army Wives,English,"Drama, Family, Romance",2007-06-03,Ended,60.0,,Lifetime,United States
779,Brothers & Sisters,English,Drama,2006-09-24,Ended,60.0,,ABC,United States
780,Flashpoint,English,"Action, Adventure, Crime",2008-07-11,Ended,60.0,https://www.ctv.ca/shows/flashpoint,CTV,Canada
781,Friday Night Lights,English,"Drama, Sports",2006-10-03,Ended,60.0,https://www.nbc.com/friday-night-lights,NBC,United States
782,Gunsmoke,English,"Action, Adventure, Western",1955-09-10,Ended,60.0,,CBS,United States
785,Body of Proof,English,"Drama, Crime",2011-03-29,Ended,60.0,http://abc.go.com/shows/body-of-proof,ABC,United States
786,Law & Order: Criminal Intent,English,"Drama, Crime, Legal",2001-09-30,Ended,60.0,http://www.usanetwork.com/criminalintent/cast,USA Network,United States
787,The Twilight Zone,English,"Science-Fiction, Mystery, Supernatural",1959-10-02,Ended,30.0,,CBS,United States
788,GREEK,English,"Drama, Comedy",2007-07-09,Ended,60.0,http://freeform.go.com/shows/greek,Freeform,United States
789,Merlin,English,"Adventure, Fantasy, Science-Fiction",2008-09-20,Ended,60.0,http://www.bbc.co.uk/programmes/b00mjlxv,BBC One,United Kingdom
790,The Unit,English,"Drama, Action, Crime",2006-03-07,Ended,60.0,,CBS,United States
791,Misfits,English,"Drama, Comedy, Science-Fiction",2009-11-12,Ended,60.0,http://www.channel4.com/programmes/misfits,E4,United Kingdom
792,The Tonight Show with Jay Leno,English,Comedy,1992-05-25,Ended,60.0,,NBC,United States
793,EastEnders,English,Drama,1985-02-19,Running,,http://www.bbc.co.uk/programmes/b006m86d,,
794,Power Rangers,English,"Action, Children, Science-Fiction",1993-08-28,Ended,,http://www.powerrangers.com/tv-shows/,,
795,Jericho,English,"Drama, Action, Science-Fiction",2006-09-20,Ended,60.0,,CBS,United States
796,Ugly Betty,English,"Drama, Comedy",2006-09-28,Ended,60.0,,ABC,United States
797,Rescue Me,English,"Drama, Comedy",2004-07-21,Ended,60.0,,FX,United States
798,Deadliest Catch,English,"Action, Adventure, Nature",2005-04-12,Running,60.0,https://www.discovery.com/tv-shows/deadliest-catch/,Discovery,United States
799,7th Heaven,English,"Drama, Family",1996-08-26,Ended,60.0,,The CW,United States
800,Kyle XY,English,"Drama, Science-Fiction, Mystery",2006-06-26,Ended,60.0,,Freeform,United States
801,Jersey Shore,English,,2009-12-03,Ended,60.0,http://www.mtv.com/shows/jersey-shore,MTV,United States
802,WWE Monday Night RAW,English,,1993-01-11,Running,,http://www.wwe.com/,,
803,WWE Friday Night SmackDown,English,"Drama, Comedy, Action",1999-04-29,Running,120.0,https://www.usanetwork.com/wwe-friday-night-smackdown,USA Network,United States
804,Strike Back,English,"Drama, Action, War",2010-05-05,Ended,60.0,https://www.cinemax.com/strike-back,Cinemax,United States
805,Kitchen Nightmares,English,Food,2007-09-19,Running,60.0,https://www.fox.com/kitchen-nightmares/,FOX,United States
806,The Bold and the Beautiful,English,"Drama, Family, Romance",1987-03-23,Running,30.0,https://www.cbs.com/shows/the_bold_and_the_beautiful/,CBS,United States
807,Wizards of Waverly Place,English,"Comedy, Family, Fantasy",2007-10-12,Ended,30.0,http://disneychannel.disney.com/wizards-of-waverly-place,Disney Channel,United States
808,iCarly,English,"Comedy, Children, Family",2007-09-08,Ended,30.0,http://www.nick.com/icarly/,Nickelodeon,United States
809,Being Human,English,"Drama, Comedy, Science-Fiction",2009-01-25,Ended,60.0,http://www.bbc.co.uk/programmes/b00hqlc4,BBC Three,United Kingdom
810,In Plain Sight,English,"Drama, Action, Crime",2008-06-01,Ended,60.0,,USA Network,United States
811,Suburgatory,English,Comedy,2011-09-28,Ended,30.0,,ABC,United States
812,Days of Our Lives,English,"Drama, Family, Romance",1965-11-08,Running,,https://www.peacocktv.com/stream-tv/days-of-our-lives,,
813,Without a Trace,English,"Drama, Crime, Thriller",2002-09-26,Ended,60.0,,CBS,United States
814,No Ordinary Family,English,"Drama, Action, Science-Fiction",2010-09-28,Ended,60.0,,ABC,United States
815,Reaper,English,"Drama, Comedy, Supernatural",2007-09-25,Ended,60.0,,The CW,United States
816,So You Think You Can Dance,English,Music,2005-07-20,To Be Determined,60.0,http://www.fox.com/so-you-think-you-can-dance,FOX,United States
817,Big Love,English,Drama,2006-03-12,Ended,60.0,http://www.hbo.com/big-love,HBO,United States
818,"Beverly Hills, 90210",English,"Drama, Romance",1990-10-04,Ended,60.0,,FOX,United States
819,Wife Swap,English,,2004-09-26,Ended,60.0,,ABC,United States
820,Hung,English,"Drama, Comedy",2009-06-28,Ended,30.0,http://www.hbo.com/hung,HBO,United States
821,MacGyver,English,"Action, Adventure",1985-09-29,Ended,60.0,,ABC,United States
822,Penn & Teller: Bullshit!,English,Comedy,2003-01-24,Ended,30.0,,Paramount+ with Showtime,United States
823,The L Word,English,"Drama, Romance",2004-01-15,Ended,60.0,,Paramount+ with Showtime,United States
824,Ice Road Truckers,English,"Drama, Action",2007-06-17,Running,60.0,http://www.history.com/shows/ice-road-truckers,History,United States
825,Knight Rider,English,"Drama, Action, Crime",1982-09-26,Ended,60.0,,NBC,United States
826,Bewitched,English,"Comedy, Family, Fantasy",1964-09-17,Ended,30.0,,ABC,United States
827,The Cleaner,English,"Drama, Action",2008-07-15,Ended,60.0,,A&E,United States
828,Mistresses,English,"Drama, Romance",2008-01-08,Ended,60.0,http://www.bbc.co.uk/programmes/b00hht8l,BBC One,United Kingdom
829,Hotel Impossible,English,Travel,2012-04-09,Ended,60.0,http://www.travelchannel.com/shows/hotel-impossible,Travel Channel,United States
830,Homicide: Life on the Street,English,"Drama, Crime, Mystery",1993-01-31,Ended,60.0,,NBC,United States
831,Made in Chelsea,English,,2011-05-09,Running,,http://www.channel4.com/programmes/made-in-chelsea,E4,United Kingdom
832,The Rockford Files,English,"Drama, Action, Crime",1974-03-27,Ended,60.0,,NBC,United States
833,Hustle,English,"Drama, Crime, Thriller",2004-02-24,Ended,60.0,http://www.bbc.co.uk/programmes/b007gf9k,BBC One,United Kingdom
834,The Secret Circle,English,"Drama, Horror, Supernatural",2011-09-15,Ended,60.0,,The CW,United States
835,Boss,English,"Drama, Crime",2011-10-21,Ended,60.0,,STARZ,United States
836,Late Night with Conan O'Brien,English,Comedy,1993-09-13,Ended,60.0,,NBC,United States
837,Full Throttle Saloon,English,,2009-11-10,Ended,60.0,https://web.archive.org/web/20141011022153/http://www.trutv.com/shows/full-throttle-saloon/index.html,Destination America,United States
838,Dirty Jobs,English,,2003-11-07,To Be Determined,60.0,https://go.discovery.com/show/dirty-jobs-discovery-atve-us,Discovery,United States
839,According to Jim,English,"Comedy, Family",2001-10-03,Ended,30.0,,ABC,United States
840,Treme,English,"Drama, Music",2010-04-11,Ended,60.0,https://www.hbo.com/treme,HBO,United States
841,"Quincy, M.E.",English,"Drama, Crime, Medical",1976-10-03,Ended,60.0,,NBC,United States
842,Geordie Shore,English,"Drama, Comedy",2011-05-24,Running,60.0,http://www.mtv.co.uk/geordie-shore,MTV,United Kingdom
843,In Treatment,English,"Drama, Medical",2008-01-28,Ended,30.0,https://www.hbo.com/in-treatment,HBO,United States
844,Heroes Unmasked,English,Science-Fiction,2007-07-25,Ended,15.0,http://www.bbc.co.uk/programmes/b007vzls,BBC Two,United Kingdom
845,Dawson's Creek,English,"Drama, Romance",1998-01-20,Ended,60.0,,The WB,United States
846,The Real Housewives of Orange County,English,,2006-03-21,Running,60.0,http://www.bravotv.com/the-real-housewives-of-orange-county,Bravo,United States
847,The Hard Times of RJ Berger,English,Comedy,2010-06-06,Ended,30.0,,MTV,United States
848,ALF,English,"Comedy, Family, Science-Fiction",1986-09-22,Ended,30.0,,NBC,United States
849,"I'm a Celebrity, Get Me Out of Here!",English,,2002-08-25,Running,,http://www.itv.com/imacelebrity,ITV1,United Kingdom
850,Life on Mars,English,"Drama, Crime, Science-Fiction",2006-01-09,Ended,60.0,http://www.bbc.co.uk/programmes/b006t85s,BBC One,United Kingdom
851,Time Team,English,History,1994-01-16,Ended,60.0,https://www.channel4.com/programmes/time-team,Channel 4,United Kingdom
854,Luck,English,"Drama, Crime, Sports",2012-01-29,Ended,60.0,http://www.hbo.com/luck,HBO,United States
855,"Drugs, Inc.",English,,2010-07-11,Ended,60.0,http://channel.nationalgeographic.com/drugs-inc/,National Geographic,United States
856,Sinbad,English,"Action, Adventure, Fantasy",2012-07-08,Ended,60.0,,Sky Showcase,United Kingdom
857,Later... with Jools Holland,English,Music,1992-10-08,Running,45.0,http://www.bbc.co.uk/programmes/b006ml0l,BBC Two,United Kingdom
858,Outcasts,English,"Drama, Science-Fiction",2011-02-07,Ended,60.0,http://www.bbc.co.uk/programmes/b00x8fw4,BBC One,United Kingdom
859,Hardcore Pawn,English,,2010-08-16,Ended,30.0,,truTV,United States
860,Storage Wars,English,,2010-12-01,Running,60.0,http://www.aetv.com/shows/storage-wars,A&E,United States
861,Dirty Sexy Money,English,Drama,2007-09-26,Ended,60.0,,ABC,United States
862,Being Erica,English,"Drama, Comedy, Fantasy",2009-01-05,Ended,60.0,http://www.cbc.ca/beingerica/,CBC,Canada
863,Dallas,English,"Drama, Family",1978-04-02,Ended,60.0,,CBS,United States
864,The Firm,English,"Drama, Crime, Legal",2012-01-08,Ended,60.0,,NBC,United States
865,Secret Diary of a Call Girl,English,"Drama, Adult",2007-09-27,Ended,30.0,,ITV2,United Kingdom
866,The Finder,English,"Drama, Comedy, Crime",2012-01-12,Ended,60.0,,FOX,United States
867,Law & Order: LA,English,"Drama, Crime, Legal",2010-09-29,Ended,60.0,,NBC,United States
868,Regular Show,English,"Comedy, Adventure",2010-09-06,Ended,15.0,http://www.cartoonnetwork.com/tv_shows/regular-show/video,Cartoon Network,United States
869,Deadly Women,English,Crime,2005-02-08,Ended,60.0,https://www.investigationdiscovery.com/tv-shows/deadly-women,Investigation Discovery,United States
870,Battlestar Galactica: Blood & Chrome,English,"Drama, Action, Science-Fiction",2012-11-09,Ended,10.0,,Syfy,United States
871,Bunheads,English,"Drama, Comedy",2012-06-11,Ended,60.0,,Freeform,United States
872,How It's Made: Dream Cars,English,"Nature, History, Sports",2013-06-13,Ended,,http://www.velocity.com/tv-shows/how-its-made-dream-cars/,Science,United States
873,George Clarke's Amazing Spaces,English,DIY,2012-10-23,Running,60.0,http://www.channel4.com/programmes/george-clarkes-amazing-spaces,Channel 4,United Kingdom
874,Taboo,English,,2002-09-30,Ended,60.0,,National Geographic,United States
875,Question Time,English,,1979-09-25,Running,,http://www.bbc.co.uk/programmes/b006t1q9,,
877,Extreme Weight Loss,English,,2011-05-30,Ended,120.0,http://abc.go.com/shows/extreme-weight-loss,ABC,United States
878,Pit Bulls & Parolees,English,,2009-10-30,Ended,60.0,https://www.animalplanet.com/show/pit-bulls-parolees-animal-planet,Animal Planet,United States
879,Rude Tube,English,Comedy,2008-11-05,Ended,60.0,http://www.channel4.com/programmes/rude-tube,E4,United Kingdom
880,Tattoos After Dark,English,,2014-01-01,Ended,30.0,http://www.oxygen.com/tattoos-after-dark,Oxygen True Crime,United States
881,CHiPs,English,"Drama, Action, Crime",1977-09-15,Ended,60.0,,NBC,United States
882,Agatha Christie's Marple,English,"Drama, Crime, Mystery",2004-12-12,Ended,120.0,https://www.itv.com/hub/agatha-christies-marple/L1286,ITV1,United Kingdom
883,Posh People: Inside Tatler,English,,2014-11-24,Ended,60.0,http://www.bbc.co.uk/programmes/b04smrqh,BBC Two,United Kingdom
884,8 Out of 10 Cats Does Countdown,English,Comedy,2012-01-02,Running,60.0,http://www.channel4.com/programmes/8-out-of-10-cats-does-countdown,Channel 4,United Kingdom
885,Rewrapped,English,,2014-04-21,Ended,30.0,,Food Network,United States
886,The Legend of Mick Dodge,English,,2014-01-07,Ended,30.0,,National Geographic,United States
887,Project Runway: Threads,English,,2014-10-23,Ended,30.0,,Lifetime,United States
888,Top Chef Duels,English,Food,2014-08-06,Ended,60.0,,Bravo,United States
889,Benidorm,English,Comedy,2007-02-01,Ended,,http://www.itv.com/benidorm,ITV1,United Kingdom
890,Young Dracula,English,"Comedy, Children, Horror",2006-09-21,Ended,30.0,http://www.bbc.co.uk/cbbc/shows/young-dracula,CBBC,United Kingdom
891,Hard Knocks,English,Sports,2001-08-01,Running,60.0,https://www.hbo.com/hard-knocks,HBO,United States
892,The Haunted,English,"Horror, Supernatural",2009-11-22,Ended,60.0,,Animal Planet,United States
894,Paw Patrol,English,"Comedy, Action, Adventure",2013-08-12,Running,22.0,https://pawpatrolandfriends.com/,TVO,Canada
895,Rake,English,"Drama, Comedy, Legal",2014-01-23,Ended,60.0,,FOX,United States
896,Sanjay and Craig,English,"Comedy, Children",2013-05-25,Ended,15.0,,Nicktoons,United States
897,Reckless,English,Drama,2014-06-29,Ended,60.0,,CBS,United States
898,Storage Hunters,English,,2011-06-21,Ended,30.0,,truTV,United States
899,Great Continental Railway Journeys,English,Travel,2012-11-08,Running,30.0,http://www.bbc.co.uk/programmes/b01rdqn7,BBC Two,United Kingdom
900,Batman: The Brave and the Bold,English,"Action, Crime, Science-Fiction",2008-11-13,Ended,30.0,,Cartoon Network,United States
901,Pioneers of Television,English,,2008-01-02,Ended,60.0,,PBS,United States
902,Don't Tell the Bride,English,,2007-11-08,To Be Determined,60.0,http://www.channel4.com/programmes/dont-tell-the-bride,E4,United Kingdom
903,Eggheads,English,,2003-11-10,Ended,30.0,http://www.bbc.co.uk/programmes/b006z736,BBC Two,United Kingdom
904,Antiques Roadshow,English,History,1979-02-18,Running,60.0,http://www.bbc.co.uk/programmes/b006mj2y,BBC One,United Kingdom
905,Hercules: The Legendary Journeys,English,"Action, Adventure, Fantasy",1994-05-05,Ended,60.0,,Syndication,United States
906,Girlfriends,English,"Comedy, Romance",2000-09-11,Ended,30.0,,The CW,United States
907,The Practice,English,"Drama, Legal",1997-03-04,Ended,60.0,,ABC,United States
908,Queer As Folk,English,"Drama, Romance",2000-12-03,Ended,60.0,https://www.sho.com/queer-as-folk,Paramount+ with Showtime,United States
909,Perry Mason,English,"Drama, Crime, Legal",1957-09-21,Ended,60.0,,CBS,United States
910,Beavis and Butt-Head,English,"Comedy, Music",1992-09-22,Ended,15.0,http://www.mtv.com/shows/beavis-butt-head,MTV,United States
911,Some Girls,English,Comedy,2012-11-06,Ended,30.0,http://www.bbc.co.uk/programmes/p01gkh5q,BBC Three,United Kingdom
912,The Boondocks,English,Comedy,2005-11-06,Ended,30.0,https://www.adultswim.com/videos/the-boondocks,Adult Swim,United States
913,Man vs. Wild,English,"Action, Adventure",2006-10-27,Ended,60.0,http://www.discovery.com/tv-shows/man-vs-wild/,Discovery,United States
914,The Bachelor,English,Romance,2002-03-25,Running,120.0,https://abc.com/show/294366f4-0130-4c40-97b2-387c154e7eff,ABC,United States
915,The Suite Life of Zack and Cody,English,"Comedy, Children, Family",2005-03-18,Ended,25.0,,Disney Channel,United States
916,Ridiculousness,English,Comedy,2011-08-29,Running,30.0,http://www.mtv.com/shows/ridiculousness,MTV,United States
917,Ringer,English,"Drama, Crime, Mystery",2011-09-13,Ended,60.0,,The CW,United States
918,Pushing Daisies,English,"Drama, Mystery, Supernatural",2007-10-03,Ended,60.0,,ABC,United States
919,Attack on Titan,Japanese,"Anime, Fantasy, Horror",2013-04-07,Ended,25.0,http://shingeki.tv/,NHK,Japan
920,Waterloo Road,English,Drama,2006-03-09,Running,,https://www.bbc.co.uk/programmes/b006t1p7,,
921,Cake Boss,English,"Food, Family",2009-05-25,Ended,30.0,http://www.tlc.com/tv-shows/cake-boss/,Discovery Family,United States
922,The Ultimate Fighter,English,"Drama, Action, Sports",2005-01-17,Running,,https://ufc.com/tuf,,
923,Primeval,English,"Drama, Adventure, Science-Fiction",2007-02-10,Ended,60.0,http://watch.uktv.co.uk/shows/primeval/,U&W,United Kingdom
924,Naked and Afraid: Uncensored,English,"Adventure, Nature",2013-06-30,Running,120.0,http://www.discovery.com/tv-shows/naked-and-afraid/videos,Discovery,United States
926,Ghost Adventures,English,Supernatural,2008-10-17,Running,,https://go.discovery.com/show/ghost-adventures-travel-channel,,
927,Strange Sex,English,,2010-07-18,Ended,30.0,http://www.tlc.com/tv-shows/strange-sex/,TLC,United States
928,Metalocalypse,English,Comedy,2006-08-06,Ended,15.0,https://www.adultswim.com/videos/metalocalypse,Adult Swim,United States
929,The X Factor,English,Music,2011-09-21,Ended,120.0,,FOX,United States
930,The Hills,English,,2006-05-31,Ended,30.0,,MTV,United States
931,American Chopper: Senior vs. Junior,English,,2010-08-12,Ended,60.0,,Discovery,United States
932,Modern Marvels,English,"Mystery, Nature, History",1993-12-10,To Be Determined,60.0,https://www.history.com/shows/modern-marvels,History,United States
933,American Chopper,English,,2002-09-29,Ended,60.0,https://www.discovery.com/tv-shows/american-chopper/,Discovery,United States
934,Swamp People,English,"Adventure, Nature",2010-08-22,Running,90.0,http://www.history.com/shows/swamp-people,History,United States
935,Reno 911!,English,"Comedy, Action, Crime",2003-07-23,Ended,,,,
936,LA Ink,English,,2007-08-07,Ended,60.0,,TLC,United States
937,Dark Blue,English,"Drama, Action, Crime",2009-07-15,Ended,60.0,,TNT,United States
938,Silent Witness,English,"Drama, Crime",1996-02-21,Running,,http://www.bbc.co.uk/programmes/b007y6k8,,
939,Ax Men,English,Adventure,2008-03-09,Ended,60.0,https://www.history.com/shows/ax-men,History,United States
940,The Dead Zone,English,"Drama, Fantasy, Thriller",2002-06-16,Ended,60.0,,USA Network,United States
941,Eli Stone,English,"Drama, Fantasy, Legal",2008-01-31,Ended,60.0,,ABC,United States
942,Pan Am,English,"Drama, Thriller",2011-09-25,Ended,60.0,,ABC,United States
943,Saving Grace,English,"Drama, Crime, Fantasy",2007-07-23,Ended,60.0,,TNT,United States
944,Reba,English,"Drama, Comedy, Family",2001-10-05,Ended,30.0,,The CW,United States
945,Life on Mars,English,"Drama, Crime, Fantasy",2008-10-09,Ended,60.0,,ABC,United States
946,Waking the Dead,English,"Drama, Crime",2000-09-04,Ended,60.0,http://www.bbc.co.uk/programmes/b006r9ys,BBC One,United Kingdom
947,Friends with Benefits,English,"Comedy, Romance",2011-08-05,Ended,30.0,,NBC,United States
948,Crossing Jordan,English,"Drama, Crime, Mystery",2001-09-24,Ended,60.0,,NBC,United States
949,The Village,English,"Drama, History",2013-03-31,Ended,60.0,http://www.bbc.co.uk/programmes/b04dybc1,BBC One,United Kingdom
950,Family Ties,English,"Drama, Comedy, Family",1982-09-22,Ended,30.0,,NBC,United States
951,Ben 10,English,"Action, Adventure, Science-Fiction",2005-12-27,Ended,30.0,,Cartoon Network,United States
952,My Wife and Kids,English,"Comedy, Family",2001-03-28,Ended,30.0,,ABC,United States
953,The Inbetweeners,English,Comedy,2008-05-01,Ended,30.0,http://www.channel4.com/programmes/the-inbetweeners,E4,United Kingdom
954,Chopped,English,Food,2009-01-13,Running,60.0,http://www.foodnetwork.com/shows/chopped,Food Network,United States
955,American Restoration,English,History,2010-10-25,Ended,60.0,https://www.history.com/shows/american-restoration,History,United States
956,Magnum P.I.,English,"Drama, Action, Mystery",1980-12-11,Ended,60.0,,CBS,United States
957,The Dresden Files,English,"Drama, Fantasy, Mystery",2007-01-21,Ended,60.0,,Syfy,United States
958,Gangland,English,Crime,2007-11-01,Ended,60.0,,History,United States
959,Operation Repo,English,Drama,2008-11-17,Ended,30.0,http://www.trutv.com/shows/operation_repo/index.html,truTV,United States
960,Melrose Place,English,"Drama, Romance",1992-07-08,Ended,60.0,,FOX,United States
961,The Lying Game,English,"Drama, Thriller",2011-08-15,Ended,60.0,http://abcfamily.go.com/shows/lying-game,Freeform,United States
962,Hawaii Five-O,English,"Action, Adventure, Crime",1968-09-20,Ended,60.0,,CBS,United States
963,'til Death,English,"Comedy, Romance",2006-09-07,Ended,30.0,http://www.sonypictures.com/tv/tildeath/,FOX,United States
964,United States of Tara,English,"Drama, Comedy",2009-01-18,Ended,30.0,http://www.sho.com/united-states-of-tara,Paramount+ with Showtime,United States
965,Hawthorne,English,Drama,2009-06-16,Ended,60.0,,TNT,United States
966,House of Anubis,English,"Drama, Fantasy, Mystery",2011-01-01,Ended,30.0,,Nickelodeon,United States
967,Deception,English,"Drama, Crime, Mystery",2013-01-07,Ended,60.0,,NBC,United States
968,Rubicon,English,"Drama, Thriller, Espionage",2010-06-13,Ended,60.0,,AMC,United States
969,19 Kids and Counting,English,Family,2008-09-29,Ended,30.0,http://www.tlc.com/tv-shows/19-kids-and-counting/,TLC,United States
970,The Sarah Jane Adventures,English,"Action, Adventure, Science-Fiction",2007-01-01,Ended,,http://www.bbc.co.uk/cbbc/shows/the-sarah-jane-adventures,BBC One,United Kingdom
971,Chaos,English,"Drama, Comedy, Espionage",2011-04-01,Ended,60.0,,CBS,United States
972,Dirt,English,Drama,2007-01-02,Ended,60.0,,FX,United States
973,"Little People, Big World",English,,2006-03-04,To Be Determined,60.0,http://www.tlc.com/tv-shows/little-people-big-world/,TLC,United States
974,Snapped,English,Crime,2004-08-06,Running,60.0,http://www.oxygen.com/snapped,Oxygen True Crime,United States
975,Batman,English,"Comedy, Action, Adventure",1966-01-12,Ended,30.0,,ABC,United States
976,Sabrina the Teenage Witch,English,"Comedy, Family, Fantasy",1996-09-27,Ended,30.0,,The WB,United States
977,Chase,English,"Drama, Action, Crime",2010-09-20,Ended,60.0,,NBC,United States
978,Chowder,English,"Comedy, Children",2007-11-02,Ended,15.0,https://www.cartoonnetwork.com/shows/chowder/characters/,Cartoon Network,United States
979,Good Eats,English,Food,1999-07-07,Ended,30.0,https://www.foodnetwork.com/shows/good-eats,Food Network,United States
980,Wipeout,English,Comedy,2008-06-24,Ended,60.0,,ABC,United States
981,Cleopatra 2525,English,"Action, Adventure, Science-Fiction",2000-01-17,Ended,30.0,,Syndication,United States
982,Jack of All Trades,English,"Comedy, Action, Adventure",2000-01-22,Ended,30.0,,Syndication,United States
983,Hollywood Heights,English,"Drama, Music, Romance",2012-06-11,Ended,60.0,,nick@nite,United States
984,8 Simple Rules,English,"Comedy, Family",2002-09-17,Ended,30.0,,ABC,United States
985,The New Adventures of Old Christine,English,"Comedy, Family",2006-03-13,Ended,30.0,,CBS,United States
986,The Sarah Silverman Program,English,Comedy,2007-02-01,Ended,30.0,,Comedy Central,United States
987,Hellcats,English,"Drama, Comedy",2010-09-08,Ended,60.0,,The CW,United States
988,Drake & Josh,English,"Comedy, Family",2004-01-11,Ended,30.0,,Nickelodeon,United States
989,Bang Goes the Theory,English,,2009-07-27,Ended,30.0,http://www.bbc.co.uk/programmes/b00lwxj1,BBC One,United Kingdom
990,Doc Martin,English,"Drama, Comedy, Medical",2004-09-02,Ended,60.0,https://www.itv.com/hub/doc-martin/26104,ITV1,United Kingdom
991,The Real World,English,Drama,1992-05-21,Ended,30.0,,,
992,Dog the Bounty Hunter,English,,2004-08-31,Ended,30.0,https://www.aetv.com/shows/dog-the-bounty-hunter,A&E,United States
993,Life Unexpected,English,"Drama, Family",2010-01-18,Ended,60.0,,The CW,United States
994,Flight of the Conchords,English,"Comedy, Music",2007-06-17,Ended,,http://www.hbo.com/flight-of-the-conchords,HBO,United States
995,The Dog Whisperer,English,Family,2004-09-13,Ended,60.0,,National Geographic Wild,United States
996,Men in Trees,English,"Drama, Comedy",2006-09-12,Ended,60.0,,ABC,United States
997,Catfish: The TV Show,English,,2012-11-12,Ended,60.0,https://www.mtv.com/shows/catfish-the-tv-show,MTV,United States
998,Detroit 1-8-7,English,"Drama, Action, Crime",2010-09-21,Ended,60.0,,ABC,United States
999,Flash Gordon,English,Science-Fiction,2007-08-10,Ended,60.0,,Syfy,United States
1000,Squidbillies,English,Comedy,2005-10-16,Ended,15.0,https://www.adultswim.com/videos/squidbillies,Adult Swim,United States
1001,Bag of Bones,English,"Drama, Horror, Mystery",2011-12-11,Ended,120.0,,A&E,United States
1002,Camelot,English,"Drama, Fantasy",2011-02-25,Ended,60.0,,STARZ,United States
1003,Talking Bad,English,,2013-08-11,Ended,30.0,,AMC,United States
1005,Happy Town,English,"Drama, Crime, Mystery",2010-04-28,Ended,60.0,,ABC,United States
1007,Tru Calling,English,"Drama, Fantasy",2003-10-30,Ended,60.0,,FOX,United States
1008,Masters of Science Fiction,English,"Drama, Science-Fiction",2007-08-04,Ended,60.0,,ABC,United States
1009,Do No Harm,English,"Drama, Horror, Medical",2013-01-31,Ended,60.0,http://www.nbc.com/do-no-harm/,NBC,United States
1010,Zero Hour,English,"Drama, Thriller, Supernatural",2013-02-14,Ended,60.0,https://abc.com/shows/zero-hour,ABC,United States
1011,Vanderpump Rules,English,,2013-01-07,Running,60.0,http://www.bravotv.com/vanderpump-rules,Bravo,United States
1012,Undercovers,English,Drama,2010-09-22,Ended,60.0,,NBC,United States
1013,The Playboy Club,English,Drama,2011-09-19,Ended,60.0,,NBC,United States
1014,The Pillars of the Earth,English,"Drama, Romance, History",2010-07-23,Ended,60.0,,STARZ,United States
1015,Newport Harbor: The Real Orange County,English,,2004-09-28,Ended,30.0,,MTV,United States
1016,Fear Itself,English,"Drama, Horror",2008-06-05,Ended,60.0,,NBC,United States
1017,Halo 4: Forward Unto Dawn,English,"Action, Science-Fiction",2012-10-05,Ended,15.0,,,
1018,Legend of Earthsea,English,"Drama, Adventure, Fantasy",2004-12-13,Ended,90.0,,Syfy,United States
1019,The Inside,English,"Drama, Crime",2005-06-08,Ended,60.0,,FOX,United States
1020,Criminal Minds: Suspect Behavior,English,"Drama, Crime, Mystery",2011-02-16,Ended,60.0,,CBS,United States
1021,Cult,English,"Drama, Thriller, Mystery",2013-02-19,Ended,60.0,,The CW,United States
1022,Dr. Horrible's Sing-Along Blog,English,"Comedy, Music, Science-Fiction",2008-07-15,Ended,,,,
1023,The Glee Project,English,"Drama, Family, Music",2011-06-12,Ended,60.0,http://www.oxygen.com/the-glee-project,Oxygen True Crime,United States
1024,Alice,English,"Adventure, Fantasy",2009-12-06,Ended,120.0,http://www.syfy.com/alice,Syfy,United States
1025,Lights Out,English,"Drama, Crime, Sports",2011-01-11,Ended,60.0,,FX,United States
1026,The City,English,,2008-12-29,Ended,30.0,,MTV,United States
1027,Angel o Demonio,Spanish,"Drama, Fantasy, Mystery",2011-02-01,Ended,70.0,,Telecinco,Spain
1028,Audrina,English,,2011-04-17,Ended,30.0,,VH1,United States
1029,Punta Escarlata,Spanish,,2011-07-25,Ended,90.0,,Telecinco,Spain
1030,Acusados,Spanish,Drama,2009-01-28,Ended,75.0,,Telecinco,Spain
1031,El Internado,Spanish,"Drama, Thriller, Mystery",2007-05-24,Ended,80.0,https://www.antena3.com/series/el-internado/,Antena 3,Spain
1032,Motivos Personales,Spanish,,2005-02-01,Ended,80.0,,Telecinco,Spain
1033,Hay alguien ahí,Spanish,"Thriller, Supernatural",2009-03-16,Ended,75.0,,Cuatro,Spain
1034,Sorority Sisters,English,,2014-12-15,Ended,60.0,,VH1,United States
1035,Life,English,"Drama, Crime",2007-09-26,Ended,60.0,,NBC,United States
1036,Robin Hood,English,"Drama, Action, Adventure",2006-10-07,Ended,45.0,http://www.bbc.co.uk/programmes/b006m8g7,BBC One,United Kingdom
1037,Sons of Guns,English,,2011-01-26,Ended,30.0,,Discovery,United States
1038,Zoey 101,English,"Drama, Comedy, Family",2005-01-09,Ended,30.0,https://www.nick.com/shows/zoey-101,Nickelodeon,United States
1039,V,English,"Drama, Action, Science-Fiction",1983-05-01,Ended,60.0,,NBC,United States
1040,The Young Indiana Jones Chronicles,English,"Action, Adventure, Fantasy",1992-03-04,Ended,60.0,,ABC,United States
1041,World Without End,English,"Drama, Romance, History",2012-09-04,Ended,60.0,,Showcase,Canada
1042,Wonderfalls,English,"Drama, Comedy, Fantasy",2004-10-04,Ended,60.0,http://savewonderfalls.com/,VisionTV,Canada
1043,The White Queen,English,"Drama, History",2013-06-16,Ended,60.0,http://www.bbc.co.uk/programmes/p018sxqp,BBC One,United Kingdom
1044,Whitechapel,English,"Drama, Crime, Mystery",2009-02-02,Ended,60.0,,ITV1,United Kingdom
1045,Viper,English,Action,1994-01-02,Ended,60.0,,Syndication,United States
1046,Verano Azul,Spanish,"Drama, Comedy, Family",1981-10-11,Ended,60.0,,TVE,Spain
1047,Upstairs Downstairs,English,Drama,2010-12-26,Ended,60.0,http://www.bbc.co.uk/programmes/p00njdvp,BBC One,United Kingdom
1048,Ultimate Survival Alaska,English,,2013-05-12,Ended,60.0,,National Geographic,United States
1049,Trophy Wife,English,Comedy,2013-09-24,Ended,30.0,,ABC,United States
1050,Top of the Lake,English,"Drama, Crime, Mystery",2013-03-18,Ended,60.0,http://www.bbc.co.uk/programmes/p057mh5s,,
1051,The 10th Kingdom,English,"Drama, Adventure, Fantasy",2000-02-27,Ended,60.0,,NBC,United States
1052,21 Jump Street,English,"Drama, Action, Adventure",1987-04-12,Ended,60.0,,Syndication,United States
1053,3rd Rock from the Sun,English,"Comedy, Family, Science-Fiction",1996-01-09,Ended,30.0,http://www.3rdrock.com,NBC,United States
1054,Absolutely Fabulous,English,Comedy,1992-11-12,Ended,30.0,http://www.bbc.co.uk/programmes/b00jm3ms,BBC One,United Kingdom
1055,The Adventures of Tintin,English,"Adventure, Children, Mystery",1992-10-18,Ended,30.0,,Family Channel,Canada
1056,'Allo 'Allo!,English,"Comedy, War",1982-12-30,Ended,,http://www.bbc.co.uk/programmes/b006xyt3,BBC One,United Kingdom
1057,The Assets,English,Thriller,2014-01-02,Ended,60.0,,ABC,United States
1058,The A-Team,English,"Action, Adventure",1983-01-23,Ended,60.0,,NBC,United States
1059,Battlestar Galactica,English,"Action, Adventure, Science-Fiction",1978-09-17,Ended,60.0,,ABC,United States
1060,Titanic,English,Drama,2012-03-25,Ended,60.0,http://titanic.globaltv.com/,ITV1,United Kingdom
1061,Terriers,English,"Drama, Comedy, Crime",2010-09-08,Ended,60.0,,FX,United States
1062,Survivors,English,"Drama, Science-Fiction",2008-11-23,Ended,60.0,,BBC One,United Kingdom
1063,Studio 60 on the Sunset Strip,English,"Drama, Comedy",2006-09-18,Ended,60.0,,NBC,United States
1064,The State Within,English,"Drama, Thriller",2006-11-02,Ended,60.0,http://www.bbc.co.uk/drama/thestatewithin/,BBC One,United Kingdom
1065,Spaced,English,Comedy,1999-09-24,Ended,30.0,http://www.channel4.com/programmes/spaced,Channel 4,United Kingdom
1066,South Riding,English,"Drama, Romance",2011-02-20,Ended,60.0,http://www.bbc.co.uk/programmes/b00y5gm3,BBC One,United Kingdom
1067,South of Nowhere,English,Drama,2005-11-04,Ended,30.0,,TeenNick,United States
1068,Six Degrees,English,"Drama, Mystery",2006-09-21,Ended,60.0,,ABC,United States
1069,Samantha Who?,English,"Comedy, Romance",2007-10-15,Ended,30.0,,ABC,United States
1070,Baywatch,English,"Drama, Action, Adventure",1989-09-22,Ended,60.0,,Syndication,United States
1071,Birdsong,English,"Drama, Romance, War",2012-01-22,Ended,90.0,http://www.bbc.co.uk/programmes/b01bcltb,BBC One,United Kingdom
1072,Blackadder,English,"Comedy, History",1983-06-15,Ended,30.0,http://www.bbc.co.uk/programmes/b006xxw3,BBC One,United Kingdom
1073,Bomb Girls,English,"Drama, Romance, War",2012-01-04,Ended,60.0,,Global,Canada
1074,Bonekickers,English,"Drama, Adventure",2008-07-08,Ended,60.0,http://www.bbc.co.uk/programmes/b00cl92f,BBC One,United Kingdom
1075,Brideshead Revisited,English,Drama,1981-10-12,Ended,60.0,,ITV1,United Kingdom
1076,Frank Herbert's Children of Dune,English,"Drama, Science-Fiction",2003-03-16,Ended,88.0,,Syfy,United States
1078,The Riches,English,"Drama, Comedy",2007-03-12,Ended,60.0,,FX,United States
1080,Profiler,English,"Drama, Crime, Thriller",1996-09-21,Ended,60.0,,NBC,United States
1081,Primeval: New World,English,"Drama, Adventure, Fantasy",2012-10-29,Ended,60.0,,CTV Sci-Fi Channel,Canada
1082,Political Animals,English,Drama,2012-07-15,Ended,60.0,,USA Network,United States
1083,ReactToThat,English,,2014-12-15,Ended,30.0,,Nickelodeon,United States
1084,Commander in Chief,English,Drama,2005-09-27,Ended,60.0,,ABC,United States
1085,Coupling,English,"Comedy, Romance",2000-05-12,Ended,30.0,http://www.bbc.co.uk/programmes/p006cwvz,BBC Three,United Kingdom
1086,Coupling,English,"Drama, Comedy, Romance",2003-09-25,Ended,30.0,,NBC,United States
1087,Cranford,English,Drama,2007-11-18,Ended,60.0,http://www.bbc.co.uk/programmes/b00ps1xh,BBC One,United Kingdom
1088,The Crimson Petal and the White,English,"Drama, Thriller",2011-04-06,Ended,60.0,http://www.bbc.co.uk/programmes/b00zxc4d,BBC Two,United Kingdom
1089,Crusade,English,"Drama, Action, Science-Fiction",1999-06-09,Ended,60.0,,TNT,United States
1090,Cupid,English,"Drama, Comedy, Romance",1998-09-26,Ended,60.0,,ABC,United States
1091,Cupid,English,"Drama, Romance",2009-03-31,Ended,60.0,,ABC,United States
1092,Death Comes to Pemberley,English,"Drama, Romance, Mystery",2013-12-26,Ended,60.0,http://www.bbc.co.uk/programmes/p01mqkm5,BBC One,United Kingdom
1093,The Devil's Whore,English,"Drama, War, History",2008-11-19,Ended,60.0,http://www.channel4.com/programmes/the-devils-whore,Channel 4,United Kingdom
1094,Dinotopia,English,"Adventure, Family, Fantasy",2002-11-28,Ended,60.0,,ABC,United States
1095,"Doogie Howser, M.D.",English,"Comedy, Medical",1989-09-19,Ended,30.0,,ABC,United States
1096,Drive,English,"Drama, Action, Adventure",2007-04-13,Ended,60.0,,FOX,United States
1097,"Dr. Quinn, Medicine Woman",English,"Drama, Family, Western",1993-01-01,Ended,60.0,,CBS,United States
1098,Early Edition,English,"Drama, Fantasy, Science-Fiction",1996-09-28,Ended,60.0,,CBS,United States
1099,Enlisted,English,Comedy,2014-01-10,Ended,30.0,,FOX,United States
1100,The Fades,English,"Drama, Thriller, Supernatural",2011-09-21,Ended,60.0,http://www.bbc.co.uk/programmes/b0129tkw,BBC Three,United Kingdom
1101,Frank Herbert's Dune,English,"Drama, Science-Fiction",2000-12-03,Ended,100.0,,Syfy,United States
1102,Hatfields & McCoys,English,"Drama, Romance, Western",2012-05-28,Ended,120.0,https://www.history.com/shows/hatfields-and-mccoys,History,United States
1103,The Hour,English,"Drama, Thriller, Espionage",2011-07-19,Ended,60.0,http://www.bbc.co.uk/programmes/p00wkgxw,BBC Two,United Kingdom
1104,"I, Claudius",English,"Drama, History",1976-09-20,Ended,50.0,http://www.bbc.co.uk/programmes/b006mhmk,BBC Two,United Kingdom
1105,In a Land of Plenty,English,Drama,2001-01-10,Ended,50.0,,BBC One,United Kingdom
1107,Jack & Jill,English,"Drama, Comedy",1999-09-26,Ended,60.0,,The WB,United States
1108,Jekyll,English,"Drama, Horror, Science-Fiction",2007-06-16,Ended,60.0,http://www.bbc.co.uk/drama/jekyll/,BBC One,United Kingdom
1109,Judging Amy,English,"Drama, Family, Legal",1999-09-19,Ended,60.0,,CBS,United States
1110,Kings,English,"Drama, Science-Fiction",2009-03-15,Ended,60.0,https://www.nbc.com/kings,NBC,United States
1111,Klondike,English,"Drama, Adventure, History",2014-01-20,Ended,60.0,http://klondiketv.com/,Discovery,United States
1112,Um Mundo Catita,Portuguese,,2008-11-05,Ended,30.0,,RTP1,Portugal
1113,K-Ville,English,Drama,2007-09-17,Ended,60.0,,FOX,United States
1114,Lip Service,English,"Drama, Romance",2010-10-12,Ended,60.0,http://www.bbc.co.uk/programmes/p00qnjk5,BBC Three,United Kingdom
1115,Mad About You,English,"Comedy, Romance",1992-09-23,Ended,30.0,https://spectrumoriginals.com/madaboutyou/,,
1116,The Middleman,English,"Drama, Comedy, Science-Fiction",2008-06-16,Ended,60.0,,Freeform,United States
1117,Mildred Pierce,English,Drama,2011-03-27,Ended,60.0,https://www.hbo.com/mildred-pierce,HBO,United States
1118,My Family,English,"Comedy, Family",2000-09-19,Ended,,http://www.bbc.co.uk/programmes/b006xj32,BBC One,United Kingdom
1119,The Nanny,English,"Comedy, Family",1993-11-03,Ended,30.0,,CBS,United States
1121,Cowboy Bebop,Japanese,"Action, Adventure, Anime, Science-Fiction",1998-10-24,Ended,30.0,,WOWOW,Japan
1122,Amazing Stories,English,"Fantasy, Science-Fiction",1985-09-29,Ended,30.0,,NBC,United States
1123,American Gothic,English,"Drama, Horror",1995-09-22,Ended,60.0,,CBS,United States
1124,Becoming Human,English,"Drama, Fantasy, Horror",2011-01-30,Ended,50.0,http://www.bbc.co.uk/blogs/becominghuman,BBC Three,United Kingdom
1125,Brimstone,English,"Action, Fantasy, Horror",1998-10-23,Ended,60.0,,FOX,United States
1126,Clone,English,Comedy,2008-11-17,Ended,30.0,http://www.bbc.co.uk/programmes/b00fscf6,BBC Three,United Kingdom
1128,Cosmos,English,"Mystery, Nature, History",1980-09-28,Ended,60.0,https://www.nationalgeographic.com/tv/shows/cosmos-possible-worlds,National Geographic,United States
1129,Dungeons & Dragons,English,"Adventure, Fantasy",1983-09-17,Ended,30.0,,CBS,United States
1130,Journeyman,English,"Drama, Science-Fiction, Mystery",2007-09-24,Ended,60.0,,NBC,United States
1131,Neverland,English,"Adventure, Fantasy",2011-12-04,Ended,120.0,,Syfy,United States
1132,Neverwhere,English,"Drama, Fantasy",1996-09-12,Ended,30.0,,BBC Two,United Kingdom
1133,Planet of the Apes,English,"Drama, Adventure, Science-Fiction",1974-09-13,Ended,60.0,,CBS,United States
1134,ThunderCats,English,"Action, Adventure",2011-07-29,Ended,30.0,,Cartoon Network,United States
1135,The Time Tunnel,English,"Adventure, Science-Fiction",1966-09-09,Ended,60.0,,ABC,United States
1136,Tron: Uprising,English,"Action, Adventure",2012-05-18,Ended,30.0,,Disney XD,United States
1137,Party Down,English,Comedy,2009-03-20,To Be Determined,,https://www.starz.com/us/en/series/party-down/2011,,
1138,The Inbetweeners,English,Comedy,2012-08-20,Ended,30.0,,MTV,United States
1139,Impractical Jokers,English,Comedy,2011-12-15,Running,24.0,http://www.trutv.com/shows/impractical-jokers/index.html,TBS,United States
1140,Gates,English,Comedy,2012-08-14,Ended,30.0,,Sky Witness,United Kingdom
1141,Eastbound & Down,English,"Drama, Comedy, Sports",2009-02-15,Ended,30.0,http://www.hbo.com/eastbound-and-down,HBO,United States
1142,Celebrity Motor Homes,English,,2011-12-22,Ended,30.0,http://www.greatamericancountry.com/shows/celebrity-motor-homes,Great American Family,United States
1143,Extra,English,,1994-09-05,Running,30.0,,Syndication,United States
1144,Mecum Dealmakers,English,,2014-07-31,Ended,60.0,http://www.nbcsports.com/show/mecum-dealmakers,NBCSN,United States
1145,Beat Bobby Flay,English,Food,2013-08-25,Running,30.0,http://www.foodnetwork.com/shows/beat-bobby-flay,Food Network,United States
1146,A Stranger in My Home,English,"Crime, Mystery",2013-10-13,Ended,60.0,http://www.investigationdiscovery.com/tv-shows/a-stranger-in-my-home/,Investigation Discovery,United States
1147,Kröd Mändoon and the Flaming Sword of Fire,English,"Comedy, Action, Fantasy",2009-04-09,Ended,30.0,,Comedy Central,United States
1148,Life As We Know It,English,"Drama, Comedy",2004-10-07,Ended,60.0,,ABC,United States
1149,Seven Ages of Rock,English,Music,2007-05-19,Ended,60.0,,BBC Two,United Kingdom
1150,Life As We Know It,English,Comedy,2001-07-22,Ended,30.0,,BBC One,United Kingdom
1151,The Young Ones,English,Comedy,1982-11-09,Ended,35.0,http://www.bbc.co.uk/programmes/b00glhzn,BBC Two,United Kingdom
1152,The Net,English,Thriller,1998-07-19,Ended,60.0,,USA Network,United States
1153,New Amsterdam,English,"Drama, Crime, Fantasy",2008-03-04,Ended,60.0,,FOX,United States
1154,The Nine,English,"Drama, Mystery",2006-10-04,Ended,60.0,,ABC,United States
1155,No Heroics,English,"Comedy, Fantasy",2008-09-18,Ended,30.0,,ITV2,United Kingdom
1156,North & South,English,"Drama, Romance",2004-11-14,Ended,60.0,http://www.bbc.co.uk/programmes/b00kq3rz,BBC One,United Kingdom
1157,North and South,English,"Drama, History",1985-11-03,Ended,,,ABC,United States
1158,October Road,English,Drama,2007-03-15,Ended,60.0,,ABC,United States
1159,Once and Again,English,"Drama, Family, Romance",1999-09-21,Ended,60.0,,ABC,United States
1160,Out of Practice,English,Comedy,2005-09-19,Ended,30.0,,CBS,United States
1161,Parade's End,English,"Drama, War, History",2012-08-24,Ended,60.0,http://www.bbc.co.uk/programmes/b01m7rn8,BBC Two,United Kingdom
1162,The Paradise,English,"Drama, Romance, History",2012-09-25,Ended,60.0,http://www.bbc.co.uk/programmes/p00vhpsv,BBC One,United Kingdom
1163,Parker Lewis Can't Lose,English,Comedy,1990-09-02,Ended,30.0,,FOX,United States
1164,Party of Five,English,"Drama, Family",1994-09-12,Ended,60.0,,FOX,United States
1165,Picket Fences,English,"Drama, Family",1992-09-18,Ended,60.0,,CBS,United States
1166,Agatha Christie's Poirot,English,"Drama, Crime, Mystery",1989-01-08,Ended,120.0,https://www.itv.com/watch/agatha-christies-poirot/L0830/1a5274a0013,ITV1,United Kingdom
1167,Maison Close,French,Drama,2010-10-04,Ended,60.0,,Canal+,France
1168,Les Revenants,French,"Drama, Fantasy, Horror",2012-11-26,Ended,60.0,http://lesrevenants.canalplus.fr/,Canal+,France
1169,Les Rois Maudits,French,"Drama, History",2005-11-07,Ended,90.0,,France 2,France
1170,Mysteries at the Castle,English,"Mystery, History",2014-01-19,Ended,60.0,http://www.travelchannel.com/shows/mysteries-at-the-castle,Travel Channel,United States
1171,Branson Famous,English,Music,2014-12-29,Ended,30.0,,truTV,United States
1172,Big Women: Big Love,English,Romance,2015-01-01,Ended,60.0,,Lifetime,United States
1173,Child Genius,English,,2015-01-06,Ended,60.0,,Lifetime,United States
1174,Open Heart,English,"Drama, Mystery, Medical",2015-01-20,Ended,60.0,,TeenNick,United States
1175,Nightwatch,English,Medical,2015-01-22,To Be Determined,60.0,http://www.aetv.com/shows/nightwatch,A&E,United States
1176,The Slap,English,Drama,2015-02-12,Ended,60.0,,NBC,United States
1177,Good Witch,English,"Family, Romance, Mystery",2008-01-18,Ended,60.0,http://www.hallmarkchannel.com/good-witch,Hallmark Channel,United States
1178,American Odyssey,English,"Action, Adventure, Thriller",2015-04-05,Ended,60.0,https://www.nbc.com/american-odyssey,NBC,United States
1179,Wayward Pines,English,"Drama, Science-Fiction, Mystery",2015-05-14,Ended,60.0,http://www.fox.com/wayward-pines/,FOX,United States
1180,Museum Men,English,,2014-11-29,Ended,60.0,http://www.history.com/shows/museum-men,Vice TV,United States
1181,Sex Sent Me to the ER,English,,2013-12-28,Ended,60.0,,TLC,United States
1182,I'd Kill for You,English,"Drama, Crime, Mystery",2013-11-02,Ended,60.0,https://www.investigationdiscovery.com/tv-shows/id-kill-for-you/,Investigation Discovery,United States
1183,Railroad Alaska,English,"Action, Adventure",2013-11-16,Ended,60.0,http://www.destinationamerica.com/tv-shows/railroad-alaska/,Destination America,United States
1184,America Unearthed,English,History,2012-12-21,Ended,60.0,https://www.travelchannel.com/shows/america-unearthed,Travel Channel,United States
1185,Fatal Vows,English,"Drama, Crime, Thriller",2012-11-17,Ended,60.0,https://www.investigationdiscovery.com/tv-shows/fatal-vows/,Investigation Discovery,United States
1186,Extreme Escapes,English,,2014-11-29,Ended,60.0,http://www.reelz.com/extreme-escapes/,REELZ,United States
1187,Caught on Camera with Nick Cannon,English,,2014-12-19,Ended,60.0,http://www.nbc.com/caught-on-camera,NBC,United States
1189,Say Yes to the Dress: Since the Big Day,English,,2011-10-14,Ended,60.0,,TLC,United States
1190,Wives with Knives,English,,2012-11-23,Running,60.0,http://www.investigationdiscovery.com/tv-shows/wives-with-knives/,Investigation Discovery,United States
1191,"Something Borrowed, Something New",English,,2013-02-08,Ended,30.0,,TLC,United States
1192,Brad Meltzer's Lost History,English,History,2014-10-31,Ended,60.0,http://www.history.com/shows/brad-meltzers-lost-history,Vice TV,United States
1193,Who the (Bleep) Did I Marry?,English,Crime,2010-08-04,To Be Determined,60.0,http://www.investigationdiscovery.com/tv-shows/who-the-bleep-did-i-marry/,Investigation Discovery,United States
1194,Finding Bigfoot,English,,2011-05-30,Ended,60.0,http://www.animalplanet.com/tv-shows/finding-bigfoot/,Animal Planet,United States
1195,Alaska: The Last Frontier,English,Adventure,2011-12-29,Ended,60.0,http://www.discovery.com/tv-shows/alaska-the-last-frontier/,Discovery,United States
1196,Most Evil,English,,2006-07-13,Ended,60.0,,Investigation Discovery,United States
1197,A Haunting,English,"Drama, Horror, Mystery",2005-10-28,Ended,60.0,https://www.travelchannel.com/shows/a-haunting,Travel Channel,United States
1198,Cutthroat Kitchen,English,Food,2013-08-11,Ended,60.0,http://www.foodnetwork.com/shows/cutthroat-kitchen.html,Food Network,United States
1200,Alaska Off-Road Warriors,English,"Adventure, Sports",2014-11-30,Ended,60.0,http://www.history.com/shows/alaska-off-road-warriors,History,United States
1201,Bizarre Foods with Andrew Zimmern,English,"Food, Travel",2007-02-26,Ended,60.0,http://www.travelchannel.com/shows/bizarre-foods,Travel Channel,United States
1202,Street Outlaws: Full Throttle,English,,2013-06-21,Running,60.0,,Discovery,United States
1203,The Little Couple,English,,2009-05-26,Ended,60.0,https://www.tlc.com/tv-shows/little-couple/,TLC,United States
1204,A Crime to Remember,English,"Drama, Crime, Mystery",2013-11-12,Ended,60.0,http://www.investigationdiscovery.com/tv-shows/a-crime-to-remember/,Investigation Discovery,United States
1205,Suave Says,English,,2014-12-03,Ended,30.0,,VH1,United States
1206,Little Women: LA,English,Drama,2014-05-27,Ended,60.0,http://www.mylifetime.com/shows/little-women-la,Lifetime,United States
1207,The Millionaire Matchmaker,English,,2008-01-22,Ended,60.0,,Bravo,United States
1208,Alaskan Bush People,English,"Adventure, Nature",2014-05-06,Ended,60.0,http://www.discovery.com/tv-shows/alaskan-bush-people/,Discovery,United States
1209,The Curse of Oak Island,English,"Adventure, Mystery, Nature",2014-01-05,Running,63.0,https://www.history.com/shows/the-curse-of-oak-island,History,United States
1210,How to Make It in America,English,"Drama, Comedy",2010-02-14,Ended,30.0,https://www.hbo.com/how-to-make-it-in-america,HBO,United States
1211,Mixology,English,"Comedy, Romance",2014-02-26,Ended,30.0,,ABC,United States
1212,Almost Royal,English,Comedy,2014-06-21,Ended,30.0,http://www.bbcamerica.com/almost-royal/show/,BBC America,United States
1213,Cleaners,English,"Action, Crime, Thriller",2013-10-03,Ended,,https://www.crackle.com/watch/55e83bf5-adea-4ba1-955e-c501bb8baaff/cleaners,,
1214,Come Fly with Me,English,"Comedy, Travel",2010-12-25,Ended,30.0,http://www.bbc.co.uk/programmes/b00trc9v,BBC One,United Kingdom
1215,Hollands Hoop,Dutch,"Drama, Crime",2014-09-27,Ended,50.0,http://www.hollandshoop.nl/,NPO 3,Netherlands
1216,Bosch,English,"Drama, Crime, Mystery",2015-02-13,Ended,,https://www.amazon.com/dp/B00I3MQNWG/,,
1217,The Defenders,English,"Drama, Comedy, Legal",2010-09-22,Ended,60.0,,CBS,United States
1218,Family Tree,English,"Drama, Comedy",2013-05-12,Ended,30.0,,HBO,United States
1220,Wallander,English,"Drama, Crime",2008-11-30,Ended,90.0,http://www.bbc.co.uk/programmes/b00pxtct,BBC One,United Kingdom
1221,Super Fun Night,English,Comedy,2013-10-02,Ended,30.0,,ABC,United States
1222,Sleeper Cell,English,"Drama, Crime, Espionage",2005-12-04,Ended,60.0,,Paramount+ with Showtime,United States
1224,"Unsere Mütter, unsere Väter",German,"Drama, Action, War",2013-03-17,Ended,90.0,http://www.zdf.de/unsere-muetter-unsere-vaeter/unsere-muetter-unsere-vaeter-26223848.html,ZDF,Germany
1225,Red Widow,English,"Drama, Crime, Thriller",2013-03-03,Ended,60.0,,ABC,United States
1226,Profugos,Spanish,"Drama, Action, Crime",2011-09-04,Ended,60.0,,HBO,Chile
1227,Prime Suspect,English,"Drama, Crime, Thriller",2011-09-22,Ended,60.0,,NBC,United States
1228,Penoza,Dutch,"Drama, Crime",2010-09-12,Ended,50.0,https://www.npostart.nl/penoza/KN_1691991,NPO 3,Netherlands
1229,Paradox,English,"Drama, Science-Fiction",2009-11-24,Ended,60.0,http://www.bbc.co.uk/programmes/b00p70x4,BBC One,United Kingdom
1230,Outsourced,English,Comedy,2010-09-23,Ended,30.0,,NBC,United States
1231,North America,English,Nature,2013-05-19,Ended,60.0,,Discovery,United States
1232,Nieuwe Buren,Dutch,Drama,2014-09-14,Ended,43.0,https://www.videoland.com/series/416/nieuwe-buren,,
1234,The Mob Doctor,English,"Drama, Medical",2012-09-17,Ended,60.0,,FOX,United States
1235,Low Winter Sun,English,"Drama, Crime",2013-08-11,Ended,60.0,,AMC,United States
1236,King & Maxwell,English,"Drama, Action, Crime",2013-06-10,Ended,60.0,,TNT,United States
1237,The Kill Point,English,"Drama, Action, Crime",2007-07-22,Ended,60.0,,Paramount Network,United States
1238,The Kennedys,English,"Drama, History",2011-04-03,Ended,60.0,http://www.reelz.com/kennedys/,REELZ,United States
1239,Gang Related,English,"Drama, Action, Crime",2014-05-22,Ended,60.0,,FOX,United States
1240,Generation Kill,English,"Drama, War",2008-07-13,Ended,60.0,http://www.hbo.com/generation-kill,HBO,United States
1241,Golden Boy,English,"Drama, Crime",2013-02-26,Ended,60.0,,CBS,United States
1242,Hit & Miss,English,"Drama, Action, Crime",2012-05-22,Ended,60.0,http://go.sky.com/tvboxsets/series/content/series/d03fc67462657310VgnVCM1000000b43150a____,Sky Atlantic,United Kingdom
1243,Houdini,English,Drama,2014-09-01,Ended,120.0,,History,United States
1244,How to Live with Your Parents (for the Rest of Your Life),English,Comedy,2013-04-03,Ended,30.0,,ABC,United States
1245,Ironside,English,"Drama, Action, Crime",2013-10-02,Ended,60.0,,NBC,United States
1246,The Jeff Dunham Show,English,Comedy,2009-10-22,Ended,30.0,,Comedy Central,United States
1247,Gooische Vrouwen,Dutch,"Drama, Romance",2005-10-30,Ended,60.0,,RTL4,Netherlands
1248,Blossom,English,"Drama, Comedy, Family",1990-07-05,Ended,30.0,,NBC,United States
1249,The Brady Bunch,English,"Comedy, Family",1969-09-26,Ended,30.0,,ABC,United States
