ID,Name,Language,Genres,Premiered,Status,Runtime,Official Site,Network,Country
167,24,English,"Drama, Action, Thriller",2001-11-06,Ended,60.0,http://www.fox.com/,FOX,United States
1834,1864,Danish,"Drama, War",2014-10-12,Ended,60.0,http://www.dr.dk/diverse/drama/1864/index,DR1,Denmark
578,90210,English,"Drama, Romance",2008-09-02,Ended,60.0,,The CW,United States
1387,#RichKids of Beverly Hills,English,Drama,2014-01-19,Ended,30.0,http://uk.eonline.com/shows/rich_kids_of_beverly_hills,E!,United States
1986,$#*! My Dad Says,English,Comedy,2010-09-23,Ended,30.0,,CBS,United States
1056,'Allo 'Allo!,English,"Comedy, War",1982-12-30,Ended,,http://www.bbc.co.uk/programmes/b006xyt3,BBC One,United Kingdom
963,'til Death,English,"Comedy, Romance",2006-09-07,Ended,30.0,http://www.sonypictures.com/tv/tildeath/,FOX,United States
742,10 Things I Hate About You,English,"Drama, Comedy",2009-07-07,Ended,30.0,,Freeform,United States
1972,10-8,English,"Drama, Action, Crime",2003-09-28,Ended,60.0,,ABC,United States
1739,100 Miles from Nowhere,English,"Adventure, Travel",2015-04-05,Ended,60.0,http://www.animalplanet.com/tv-shows/100-miles-from-nowhere/,Animal Planet,United States
1987,100 Questions,English,"Comedy, Romance",2010-05-27,Ended,30.0,,NBC,United States
496,100 Things to Do Before High School,English,"Comedy, Children",2014-11-11,Ended,30.0,http://www.nick.com/videos/clip/100-things-to-do-before-high-school-clip-two.html,Nickelodeon,United States
614,12 Monkeys,English,"Drama, Adventure, Science-Fiction",2015-01-16,Ended,60.0,https://www.syfy.com/12-monkeys,Syfy,United States
1407,1600 Penn,English,Comedy,2012-12-17,Ended,30.0,http://www.nbc.com/1600-penn,NBC,United States
969,19 Kids and Counting,English,Family,2008-09-29,Ended,30.0,http://www.tlc.com/tv-shows/19-kids-and-counting/,TLC,United States
124,2 Broke Girls,English,Comedy,2011-09-19,Ended,30.0,http://www.cbs.com/shows/2_broke_girls/,CBS,United States
1401,20/20,English,,1978-06-06,Running,120.0,https://abcnews.go.com/2020,ABC,United States
1052,21 Jump Street,English,"Drama, Action, Adventure",1987-04-12,Ended,60.0,,Syndication,United States
537,30 Rock,English,Comedy,2006-10-11,Ended,30.0,http://www.nbc.com/30-rock,NBC,United States
1638,37 Days,English,"Drama, War, History",2014-03-06,Ended,60.0,http://www.bbc.co.uk/programmes/p01pf7dx,BBC Two,United Kingdom
1053,3rd Rock from the Sun,English,"Comedy, Family, Science-Fiction",1996-01-09,Ended,30.0,http://www.3rdrock.com,NBC,United States
1782,500 Questions,English,Family,2015-05-20,Ended,60.0,http://abc.go.com/shows/500-questions,ABC,United States
1759,5ive Days to Midnight,English,"Drama, Science-Fiction, Thriller",2004-06-07,Ended,60.0,,Syfy,United States
1344,60 Minutes Sports,English,,2013-01-09,Ended,60.0,http://www.sho.com/sho/60-minutes-sports/home,Paramount+ with Showtime,United States
211,666 Park Avenue,English,"Drama, Mystery, Supernatural",2012-09-30,Ended,60.0,,ABC,United States
1304,7 Days,English,"Action, Adventure, Science-Fiction",1998-10-07,Ended,60.0,,UPN,United States
1345,7 Little Johnstons,English,"Drama, Comedy, Family",2015-03-31,Running,60.0,http://www.tlc.com/tv-shows/7-little-johnstons/,TLC,United States
799,7th Heaven,English,"Drama, Family",1996-08-26,Ended,60.0,,The CW,United States
1771,8 Minutes,English,"Drama, Action, Crime",2015-04-02,Ended,60.0,,A&E,United States
884,8 Out of 10 Cats Does Countdown,English,Comedy,2012-01-02,Running,60.0,http://www.channel4.com/programmes/8-out-of-10-cats-does-countdown,Channel 4,United Kingdom
984,8 Simple Rules,English,"Comedy, Family",2002-09-17,Ended,30.0,,ABC,United States
1598,A Bit of Fry and Laurie,English,Comedy,1987-12-26,Ended,30.0,http://www.bbc.co.uk/programmes/b00rv4zp,BBC One,United Kingdom
1204,A Crime to Remember,English,"Drama, Crime, Mystery",2013-11-12,Ended,60.0,http://www.investigationdiscovery.com/tv-shows/a-crime-to-remember/,Investigation Discovery,United States
422,A Gifted Man,English,"Drama, Fantasy, Medical",2011-09-23,Ended,60.0,,CBS,United States
1197,A Haunting,English,"Drama, Horror, Mystery",2005-10-28,Ended,60.0,https://www.travelchannel.com/shows/a-haunting,Travel Channel,United States
1451,A Place to Call Home,English,"Drama, Romance",2013-04-28,Ended,60.0,https://www.showcasechannel.com.au/shows/a-place-to-call-home/,Showcase,Australia
1146,A Stranger in My Home,English,"Crime, Mystery",2013-10-13,Ended,60.0,http://www.investigationdiscovery.com/tv-shows/a-stranger-in-my-home/,Investigation Discovery,United States
92,A to Z,English,"Comedy, Romance",2014-10-02,Ended,30.0,,NBC,United States
1572,A Very Barry Branson,English,"Adventure, Music, Travel",2015-02-05,Ended,30.0,http://www.greatamericancountry.com/shows/a-very-barry-branson,Great American Family,United States
402,A Young Doctor's Notebook,English,"Drama, Comedy",2012-12-06,Ended,30.0,https://www.sky.com/watch/title/series/001c4384-53ee-4c9d-8b53-e04239bb10ee,Sky Arts,United Kingdom
626,A.D. The Bible Continues,English,"Drama, Adventure",2015-04-05,Ended,60.0,,NBC,United States
131,About a Boy,English,"Drama, Comedy, Romance",2014-02-22,Ended,30.0,http://www.nbc.com/about-a-boy?nbc=1,NBC,United States
1054,Absolutely Fabulous,English,Comedy,1992-11-12,Ended,30.0,http://www.bbc.co.uk/programmes/b00jm3ms,BBC One,United Kingdom
1988,Accidentally on Purpose,English,"Comedy, Romance",2009-09-21,Ended,30.0,,CBS,United States
839,According to Jim,English,"Comedy, Family",2001-10-03,Ended,30.0,,ABC,United States
1030,Acusados,Spanish,Drama,2009-01-28,Ended,75.0,,Telecinco,Spain
460,Adventure Inc.,English,"Action, Adventure",2002-09-30,Ended,60.0,,Syndication,United States
290,Adventure Time,English,"Comedy, Adventure, Fantasy",2008-12-07,Ended,15.0,http://www.cartoonnetwork.com/video/adventuretime/,Cartoon Network,United States
1306,Adventures of Superman,English,"Action, Adventure, Crime",1952-09-19,Ended,30.0,,Syndication,United States
1909,Aeon Flux,English,"Action, Science-Fiction",1991-09-01,Ended,30.0,https://www.mtv.com/shows/aeon-flux,MTV,United States
882,Agatha Christie's Marple,English,"Drama, Crime, Mystery",2004-12-12,Ended,120.0,https://www.itv.com/hub/agatha-christies-marple/L1286,ITV1,United Kingdom
1166,Agatha Christie's Poirot,English,"Drama, Crime, Mystery",1989-01-08,Ended,120.0,https://www.itv.com/watch/agatha-christies-poirot/L0830/1a5274a0013,ITV1,United Kingdom
1414,Air Crash Investigation,English,,2003-09-03,Running,60.0,https://www.natgeotv.com/uk/shows/natgeo/air-crash-investigation,National Geographic,United Kingdom
607,Air Warriors,English,"Drama, Action, War",2014-11-09,Ended,60.0,https://www.smithsonianchannel.com/shows/air-warriors,Smithsonian Channel,United States
680,Airwolf,English,"Action, Adventure, Science-Fiction",1984-01-22,Ended,60.0,,USA Network,United States
1200,Alaska Off-Road Warriors,English,"Adventure, Sports",2014-11-30,Ended,60.0,http://www.history.com/shows/alaska-off-road-warriors,History,United States
1395,Alaska: Battle on the Bay,English,"Adventure, Nature",2015-01-08,Ended,60.0,,Animal Planet,United States
1195,Alaska: The Last Frontier,English,Adventure,2011-12-29,Ended,60.0,http://www.discovery.com/tv-shows/alaska-the-last-frontier/,Discovery,United States
1208,Alaskan Bush People,English,"Adventure, Nature",2014-05-06,Ended,60.0,http://www.discovery.com/tv-shows/alaskan-bush-people/,Discovery,United States
212,Alcatraz,English,"Drama, Science-Fiction, Thriller",2012-01-16,Ended,60.0,,FOX,United States
1441,Aldnoah.Zero,Japanese,"Action, Adventure, Anime, Science-Fiction",2014-07-06,Ended,25.0,http://www.aldnoahzero.com/,BS11,Japan
848,ALF,English,"Comedy, Family, Science-Fiction",1986-09-22,Ended,30.0,,NBC,United States
275,Ali G: Rezurection,English,Comedy,2014-02-26,Ended,30.0,,FXX,United States
557,Alias,English,"Drama, Action, Espionage",2001-09-30,Ended,60.0,,ABC,United States
1024,Alice,English,"Adventure, Fantasy",2009-12-06,Ended,120.0,http://www.syfy.com/alice,Syfy,United States
1784,All in the Family,English,"Comedy, Family",1971-01-12,Ended,30.0,,CBS,United States
1570,All-American Makers,English,DIY,2015-01-21,Ended,60.0,https://www.sciencechannelgo.com/all-american-makers/,Science,United States
1586,All-Star Academy,English,Food,2015-03-01,Ended,60.0,http://www.foodnetwork.com/shows/all-star-academy,Food Network,United States
617,Allegiance,English,"Drama, Crime, Thriller",2015-02-05,Ended,60.0,https://www.nbc.com/allegiance?nbc=1,NBC,United States
655,Ally McBeal,English,"Drama, Comedy, Legal",1997-09-08,Ended,60.0,,FOX,United States
1512,Almost Heroes,English,Comedy,2011-06-02,Ended,30.0,,Showcase,Canada
202,Almost Human,English,"Drama, Crime, Science-Fiction",2013-11-17,Ended,60.0,,FOX,United States
1212,Almost Royal,English,Comedy,2014-06-21,Ended,30.0,http://www.bbcamerica.com/almost-royal/show/,BBC America,United States
1626,Aloha Vet,English,"Nature, Medical",2015-03-21,Ended,60.0,,National Geographic Wild,United States
1869,Alone,English,"Adventure, Nature",2015-06-18,Running,60.0,http://www.history.com/shows/alone,History,United States
332,Alpha House,English,"Drama, Comedy",2013-04-19,Ended,,https://www.amazon.com/Alpha-House-Season-1/dp/B00CDZFRAI,,
219,Alphas,English,"Drama, Science-Fiction, Supernatural",2011-07-11,Ended,60.0,,Syfy,United States
1122,Amazing Stories,English,"Fantasy, Science-Fiction",1985-09-29,Ended,30.0,,NBC,United States
1184,America Unearthed,English,History,2012-12-21,Ended,60.0,https://www.travelchannel.com/shows/america-unearthed,Travel Channel,United States
289,America's Got Talent,English,Music,2006-06-21,To Be Determined,120.0,http://www.nbc.com/americas-got-talent,NBC,United States
99,America's Next Top Model,English,,2003-05-20,Ended,60.0,http://www.vh1.com/shows/americas-next-top-model,VH1,United States
933,American Chopper,English,,2002-09-29,Ended,60.0,https://www.discovery.com/tv-shows/american-chopper/,Discovery,United States
931,American Chopper: Senior vs. Junior,English,,2010-08-12,Ended,60.0,,Discovery,United States
339,American Crime,English,"Drama, Crime",2015-03-05,Ended,60.0,http://abc.go.com/shows/american-crime/,ABC,United States
215,American Dad!,English,"Comedy, Family",2005-02-06,Running,30.0,http://www.tbs.com/shows/american-dad.html,FOX,United States
1123,American Gothic,English,"Drama, Horror",1995-09-22,Ended,60.0,,CBS,United States
30,American Horror Story,English,"Drama, Horror, Thriller",2011-10-05,Running,60.0,http://www.fxnetworks.com/shows/american-horror-story,FX,United States
288,American Idol,English,Music,2002-06-11,Running,120.0,https://abc.com/shows/american-idol/,ABC,United States
1967,American Ninja Warrior,English,"Action, Sports",2009-12-12,Running,120.0,http://www.nbc.com/american-ninja-warrior,NBC,United States
1178,American Odyssey,English,"Action, Adventure, Thriller",2015-04-05,Ended,60.0,https://www.nbc.com/american-odyssey,NBC,United States
572,American Pickers,English,"Travel, History",2010-01-18,Running,60.0,https://www.history.com/shows/american-pickers,History,United States
955,American Restoration,English,History,2010-10-25,Ended,60.0,https://www.history.com/shows/american-restoration,History,United States
643,Amish Renogades,English,"Travel, DIY",2014-11-22,Ended,30.0,,Magnolia Network,United States
709,An Idiot Abroad,English,"Comedy, Adventure, Travel",2010-09-23,Ended,60.0,https://www.sky.com/new-search/an-idiot-abroad-959d38fd-f9c0-43b7-a59e-76b95039efb4?q=An%20Idiot,Sky Showcase,United Kingdom
675,Ancient Aliens,English,,2009-03-08,Running,60.0,http://www.history.com/shows/ancient-aliens,History,United States
1881,Ancient Impossible,English,History,2014-06-29,Ended,60.0,,Vice TV,United States
1639,Andrew Marr's History of the World,English,History,2012-09-23,Ended,60.0,http://www.bbc.co.uk/programmes/b03ty0wf,BBC One,United Kingdom
486,Andromeda,English,"Action, Science-Fiction",2000-10-02,Ended,60.0,,Syfy,United States
428,Angel,English,"Drama, Action, Supernatural",1999-10-05,Ended,60.0,,The WB,United States
1027,Angel o Demonio,Spanish,"Drama, Fantasy, Mystery",2011-02-01,Ended,70.0,,Telecinco,Spain
507,Angels in America,English,"Drama, Fantasy",2003-12-07,Ended,60.0,https://www.hbo.com/angels-in-america,HBO,United States
239,Anger Management,English,Comedy,2012-06-28,Ended,30.0,http://www.fxnetworks.com/angermanagement,FX,United States
1265,Angry Boys,English,Comedy,2011-05-11,Ended,30.0,,ABC,Australia
1760,Anne of Green Gables,English,"Drama, Family",1985-12-01,Ended,120.0,,CBC,Canada
1761,Anne of Green Gables,Japanese,"Drama, Anime",1979-01-07,Ended,30.0,,Fuji TV,Japan
535,Anthony Bourdain: No Reservations,English,"Food, Travel",2005-07-25,Ended,60.0,http://www.travelchannel.com/shows/anthony-bourdain,Travel Channel,United States
255,Anthony Bourdain: Parts Unknown,English,"Food, Travel",2013-04-14,Ended,60.0,https://explorepartsunknown.com/,CNN,United States
904,Antiques Roadshow,English,History,1979-02-18,Running,60.0,http://www.bbc.co.uk/programmes/b006mj2y,BBC One,United Kingdom
1307,Anyone But Me,English,"Drama, Romance",2008-12-07,Ended,,http://www.anyonebutmeseries.com/,,
1976,Aoki Hagane no Arpeggio: Ars Nova,Japanese,"Action, Anime, Science-Fiction, War",2013-10-08,Ended,30.0,,AT-X,Japan
1640,Apparitions,English,"Drama, Mystery, Supernatural",2008-11-13,Ended,60.0,https://www.bbc.co.uk/programmes/b00fjgdg,BBC One,United Kingdom
382,Aqua Teen Hunger Force,English,"Comedy, Action, Adventure",2000-12-30,Ended,15.0,https://www.adultswim.com/videos/aqua-teen-hunger-force,Adult Swim,United States
341,Aquarius,English,"Drama, Crime",2015-05-28,Ended,60.0,http://www.nbc.com/aquarius,NBC,United States
315,Archer,English,"Comedy, Action, Espionage",2009-09-17,Ended,,http://www.fxnetworks.com/archer,FXX,United States
1422,Arctic Air,English,"Drama, Action, Adventure",2012-01-10,Ended,60.0,,CBC,Canada
1801,Arctic Rescue,English,Adventure,2015-03-23,Ended,60.0,,Discovery,United States
1805,Are You Afraid of the Dark?,English,"Drama, Fantasy, Horror",1992-08-15,Ended,30.0,,Nickelodeon,United States
741,Are You Smarter Than a 5th Grader?,English,,2007-02-27,Ended,60.0,,FOX,United States
416,Are You the One?,English,Romance,2014-01-21,Ended,,https://www.paramountplus.com/shows/are-you-the-one/,,
778,Army Wives,English,"Drama, Family, Romance",2007-06-03,Ended,60.0,,Lifetime,United States
321,Arrested Development,English,"Comedy, Family",2003-11-02,Ended,,https://www.netflix.com/title/70140358,,
4,Arrow,English,"Drama, Action, Science-Fiction",2012-10-10,Ended,60.0,http://www.cwtv.com/shows/arrow,The CW,United States
635,Ascension,English,"Drama, Science-Fiction",2014-12-15,Ended,120.0,,Syfy,United States
1427,Athena: Goddess of War,Korean,"Action, Thriller, Espionage",2010-12-13,Ended,60.0,http://tv.sbs.co.kr/athena/,SBS,"Korea, Republic of"
343,Atlantis,English,"Drama, Adventure, Fantasy",2013-09-28,Ended,60.0,http://www.bbc.co.uk/programmes/b04st48f,BBC One,United Kingdom
919,Attack on Titan,Japanese,"Anime, Fantasy, Horror",2013-04-07,Ended,25.0,http://shingeki.tv/,NHK,Japan
1028,Audrina,English,,2011-04-17,Ended,30.0,,VH1,United States
555,Avatar: The Last Airbender,English,"Action, Adventure, Fantasy",2005-02-21,Ended,30.0,https://www.nick.com/shows/avatar,Nickelodeon,United States
233,Awake,English,"Drama, Fantasy, Thriller",2012-03-01,Ended,60.0,,NBC,United States
282,Awkward.,English,"Drama, Comedy, Romance",2011-07-19,Ended,30.0,http://www.mtv.com/shows/awkward,MTV,United States
939,Ax Men,English,Adventure,2008-03-09,Ended,60.0,https://www.history.com/shows/ax-men,History,United States
351,Baby Daddy,English,"Comedy, Family",2012-06-20,Ended,30.0,,Freeform,United States
546,Babylon,English,"Drama, Comedy, Crime",2014-02-09,Ended,65.0,https://web.archive.org/web/20180618022047/https://www.channel4.com/programmes/babylon,Channel 4,United Kingdom
475,Babylon 5,English,"Drama, Action, Science-Fiction",1993-02-22,Ended,60.0,,TNT,United States
1456,Back to You,English,Comedy,2007-09-19,Ended,30.0,,FOX,United States
621,Backstrom,English,"Drama, Comedy, Crime",2015-01-22,Ended,60.0,http://www.fox.com/backstrom/,FOX,United States
274,Bad Education,English,Comedy,2012-08-14,To Be Determined,,http://www.bbc.co.uk/programmes/p01djw5m,,
1308,Bad Girls,English,"Drama, Crime, Romance",1999-06-01,Ended,60.0,,ITV1,United Kingdom
518,Bad Girls Club,English,,2006-12-05,Ended,60.0,http://www.oxygen.com/bad-girls-club,Oxygen True Crime,United States
91,Bad Judge,English,"Comedy, Family",2014-10-02,Ended,30.0,,NBC,United States
589,Bad Teacher,English,Comedy,2014-04-24,Ended,30.0,,CBS,United States
1001,Bag of Bones,English,"Drama, Horror, Mystery",2011-12-11,Ended,120.0,,A&E,United States
1821,Ballers,English,"Drama, Comedy, Sports",2015-06-21,Ended,30.0,http://www.hbo.com/ballers,HBO,United States
465,Band of Brothers,English,"Drama, Action, War",2001-09-09,Ended,60.0,http://www.hbo.com/band-of-brothers,HBO,United States
989,Bang Goes the Theory,English,,2009-07-27,Ended,30.0,http://www.bbc.co.uk/programmes/b00lwxj1,BBC One,United Kingdom
1833,Banished,English,"Drama, Crime",2015-03-05,Ended,60.0,http://www.bbc.co.uk/programmes/p02jfvpn,BBC Two,United Kingdom
164,Banshee,English,"Drama, Action, Crime",2013-01-11,Ended,60.0,http://www.cinemax.com/banshee/,Cinemax,United States
731,Bar Rescue,English,Food,2011-07-17,Running,60.0,https://www.paramountnetwork.com/shows/bar-rescue,Paramount Network,United States
645,Barmageddon,English,,2014-10-29,Ended,60.0,,truTV,United States
1558,Barn Hunters,English,,2014-11-18,Ended,30.0,,Great American Family,United States
195,Bates Motel,English,"Drama, Horror, Thriller",2013-03-18,Ended,60.0,http://www.aetv.com/shows/bates-motel,A&E,United States
975,Batman,English,"Comedy, Action, Adventure",1966-01-12,Ended,30.0,,ABC,United States
504,Batman Beyond,English,"Action, Adventure, Science-Fiction",1999-01-10,Ended,30.0,,The WB,United States
757,Batman: The Animated Series,English,"Action, Adventure, Science-Fiction",1992-09-05,Ended,30.0,,FOX,United States
900,Batman: The Brave and the Bold,English,"Action, Crime, Science-Fiction",2008-11-13,Ended,30.0,,Cartoon Network,United States
734,Battle Creek,English,"Drama, Comedy, Crime",2015-03-01,Ended,60.0,https://web.archive.org/web/20150913220908/http://www.cbs.com/shows/battle-creek/,CBS,United States
1059,Battlestar Galactica,English,"Action, Adventure, Science-Fiction",1978-09-17,Ended,60.0,,ABC,United States
166,Battlestar Galactica,English,"Drama, Science-Fiction, War",2003-12-08,Ended,60.0,http://www.syfy.com/battlestargalactica,Syfy,United States
870,Battlestar Galactica: Blood & Chrome,English,"Drama, Action, Science-Fiction",2012-11-09,Ended,10.0,,Syfy,United States
1070,Baywatch,English,"Drama, Action, Adventure",1989-09-22,Ended,60.0,,Syndication,United States
1903,Beastmaster,English,"Action, Adventure, Fantasy",1999-10-09,Ended,60.0,,Syndication,United States
1145,Beat Bobby Flay,English,Food,2013-08-25,Running,30.0,http://www.foodnetwork.com/shows/beat-bobby-flay,Food Network,United States
155,Beauty & the Beast,English,"Action, Romance, Science-Fiction",2012-10-11,Ended,60.0,http://www.cwtv.com/shows/beauty-and-the-beast,The CW,United States
1680,Beauty and the Geek,English,Romance,2005-06-01,Ended,60.0,,The CW,United States
910,Beavis and Butt-Head,English,"Comedy, Music",1992-09-22,Ended,15.0,http://www.mtv.com/shows/beavis-butt-head,MTV,United States
1457,Becker,English,Comedy,1998-11-02,Ended,30.0,,CBS,United States
1124,Becoming Human,English,"Drama, Fantasy, Horror",2011-01-30,Ended,50.0,http://www.bbc.co.uk/blogs/becominghuman,BBC Three,United Kingdom
1969,Becoming Us,English,"Drama, Family",2015-06-08,Ended,60.0,http://abcfamily.go.com/shows/becoming-us/video/latest/VDKA0_04joe00n,Freeform,United States
862,Being Erica,English,"Drama, Comedy, Fantasy",2009-01-05,Ended,60.0,http://www.cbc.ca/beingerica/,CBC,Canada
218,Being Human,English,"Drama, Horror, Romance",2011-01-17,Ended,60.0,,Syfy,United States
809,Being Human,English,"Drama, Comedy, Science-Fiction",2009-01-25,Ended,60.0,http://www.bbc.co.uk/programmes/b00hqlc4,BBC Three,United Kingdom
325,Being Mary Jane,English,"Drama, Family",2013-07-02,Ended,60.0,http://www.bet.com/shows/being-mary-jane.html,BET,United States
188,Believe,English,"Drama, Action, Fantasy",2014-03-10,Ended,60.0,,NBC,United States
1541,Bella and the Bulldogs,English,"Comedy, Children",2015-01-17,Ended,30.0,,Nickelodeon,United States
951,Ben 10,English,"Action, Adventure, Science-Fiction",2005-12-27,Ended,30.0,,Cartoon Network,United States
1301,Ben 10: Alien Force,English,"Action, Children",2008-04-18,Ended,30.0,,Cartoon Network,United States
1264,Ben 10: Omniverse,English,"Action, Adventure, Science-Fiction",2012-08-01,Ended,30.0,,Cartoon Network,United States
1263,Ben 10: Ultimate Alien,English,"Action, Adventure, Science-Fiction",2010-04-23,Ended,30.0,,Cartoon Network,United States
1854,Ben Hur,English,"Drama, Action, Adventure",2010-04-04,Ended,120.0,,CBC,Canada
241,Benched,English,"Comedy, Legal",2014-10-28,Ended,30.0,http://www.usanetwork.com/benched,USA Network,United States
889,Benidorm,English,Comedy,2007-02-01,Ended,,http://www.itv.com/benidorm,ITV1,United Kingdom
27,Berserk,Japanese,"Anime, Fantasy, Horror",1997-10-07,Ended,25.0,,NTV,Japan
1565,Best New Restaurant,English,Food,2015-01-21,Ended,30.0,http://www.bravotv.com/best-new-restaurant/,Bravo,United States
1405,Betas,English,Comedy,2013-04-19,Ended,30.0,http://www.amazon.com/betas,,
618,Better Call Saul,English,"Drama, Crime, Legal",2015-02-08,Ended,60.0,https://www.amc.com/shows/better-call-saul--1002228,AMC,United States
769,Better Off Ted,English,Comedy,2009-03-18,Ended,30.0,,ABC,United States
1989,Better with You,English,"Comedy, Family",2010-09-22,Ended,30.0,,ABC,United States
1823,Between,English,"Drama, Science-Fiction, Mystery",2015-05-21,Ended,,https://www.netflix.com/title/80022632,,
818,"Beverly Hills, 90210",English,"Drama, Romance",1990-10-04,Ended,60.0,,FOX,United States
826,Bewitched,English,"Comedy, Family, Fantasy",1964-09-17,Ended,30.0,,ABC,United States
1800,Beyond the Tank,English,,2015-05-01,Ended,60.0,http://abc.go.com/shows/beyond-the-tank/episode-guide/season-01,ABC,United States
641,Biblical Conspiracies,English,History,2014-12-14,Ended,60.0,http://www.sciencechannel.com/tv-shows/biblical-conspiracies/,Science,United States
1453,Big Brother,English,,2000-07-05,To Be Determined,60.0,http://www.cbs.com/shows/big_brother/,CBS,United States
1514,Big Brother,English,,2000-07-18,Ended,,,5,United Kingdom
1515,Big Brother Canada,English,,2013-02-27,Ended,60.0,https://www.bigbrothercanada.ca/,Global,Canada
1399,Big Giant Swords,English,,2015-01-13,Ended,60.0,,Discovery,United States
817,Big Love,English,Drama,2006-03-12,Ended,60.0,http://www.hbo.com/big-love,HBO,United States
1458,Big Shots,English,"Drama, Comedy",2007-09-27,Ended,60.0,,ABC,United States
1728,"Big Time in Hollywood, FL",English,Comedy,2015-03-25,Ended,30.0,http://www.cc.com/shows/big-time-in-hollywood--fl,Comedy Central,United States
1172,Big Women: Big Love,English,Romance,2015-01-01,Ended,60.0,,Lifetime,United States
1587,Billy & Billie,English,"Drama, Comedy, Romance",2015-03-03,Ended,60.0,http://billyandbillie.directv.com/,Audience Network,United States
165,Bionic Woman,English,"Action, Science-Fiction",2007-09-26,Ended,60.0,,NBC,United States
380,Birds of a Feather,English,Comedy,1989-10-16,Ended,30.0,http://www.bbc.co.uk/programmes/p00f6ftj,ITV1,United Kingdom
480,Birds of Prey,English,"Action, Adventure, Science-Fiction",2002-10-09,Ended,60.0,,The WB,United States
1071,Birdsong,English,"Drama, Romance, War",2012-01-22,Ended,90.0,http://www.bbc.co.uk/programmes/b01bcltb,BBC One,United Kingdom
3,Bitten,English,"Drama, Horror, Romance",2014-01-11,Ended,60.0,http://bitten.space.ca/,CTV Sci-Fi Channel,Canada
1201,Bizarre Foods with Andrew Zimmern,English,"Food, Travel",2007-02-26,Ended,60.0,http://www.travelchannel.com/shows/bizarre-foods,Travel Channel,United States
1577,Bizarre Foods: Delicious Destinations,English,"Adventure, Food, Travel",2015-01-26,To Be Determined,30.0,https://www.cookingchanneltv.com/shows/bizarre-foods-delicious-destinations,Cooking Channel,United States
1641,Black Books,English,Comedy,2000-09-29,Ended,25.0,http://www.channel4.com/programmes/black-books,Channel 4,United Kingdom
1750,Black Butler,Japanese,"Drama, Action, Anime",2008-10-02,Running,30.0,http://www.kuroshitsuji.tv/boc,MBS,Japan
273,Black Dynamite,English,"Comedy, Action",2012-07-15,Ended,30.0,http://www.adultswim.com/videos/black-dynamite/,Adult Swim,United States
1459,Black Gold,English,,2008-06-18,Ended,60.0,,truTV,United States
305,Black Mirror,English,"Drama, Science-Fiction, Thriller",2011-12-04,To Be Determined,,https://www.netflix.com/title/70264888,,
182,Black Sails,English,"Drama, Action, Adventure",2014-01-25,Ended,60.0,http://www.starz.com/originals/blacksails,STARZ,United States
1978,Black Sash,English,"Drama, Action",2003-03-30,Ended,60.0,,The WB,United States
1902,Black Scorpion,English,"Action, Crime, Science-Fiction",2001-01-05,Ended,60.0,,Syfy,United States
1827,Black Work,English,"Drama, Thriller",2015-06-21,Ended,60.0,,ITV1,United Kingdom
57,black-ish,English,"Comedy, Family",2014-09-24,Ended,30.0,https://abc.com/shows/blackish,ABC,United States
1072,Blackadder,English,"Comedy, History",1983-06-15,Ended,30.0,http://www.bbc.co.uk/programmes/b006xxw3,BBC One,United Kingdom
455,Blade: The Series,English,"Action, Supernatural",2006-06-28,Ended,60.0,,Paramount Network,United States
1905,Bleach,Japanese,"Action, Anime, Fantasy",2004-10-05,Ended,30.0,https://www.tv-tokyo.co.jp/anime/bleach_2012/,TV Tokyo,Japan
1855,Blindspot,English,"Drama, Crime, Thriller",2015-09-21,Ended,60.0,http://www.nbc.com/blindspot,NBC,United States
467,Blood Ties,English,"Fantasy, Horror, Mystery",2007-03-11,Ended,60.0,,Lifetime,United States
1372,Bloodline,English,"Drama, Thriller, Mystery",2015-03-20,Ended,,https://www.netflix.com/title/80010655,,
1248,Blossom,English,"Drama, Comedy, Family",1990-07-05,Ended,30.0,,NBC,United States
100,Blue Bloods,English,"Drama, Crime",2010-09-24,Ended,60.0,https://www.cbs.com/shows/blue_bloods/,CBS,United States
730,Blue Mountain State,English,"Comedy, Sports",2010-01-11,Ended,30.0,,Paramount Network,United States
307,Bluestone 42,English,"Drama, Comedy, War",2013-03-05,Ended,30.0,http://www.bbc.co.uk/programmes/b03n3bsz,BBC Three,United Kingdom
102,Boardwalk Empire,English,"Drama, Crime",2010-09-19,Ended,60.0,http://www.hbo.com/boardwalk-empire,HBO,United States
107,Bob's Burgers,English,"Comedy, Family",2011-01-09,Running,30.0,http://www.fox.com/bobs-burgers,FOX,United States
785,Body of Proof,English,"Drama, Crime",2011-03-29,Ended,60.0,http://abc.go.com/shows/body-of-proof,ABC,United States
184,BoJack Horseman,English,"Drama, Comedy",2014-08-22,Ended,,https://www.netflix.com/title/70300800,,
1073,Bomb Girls,English,"Drama, Romance, War",2012-01-04,Ended,60.0,,Global,Canada
1815,Bondi Rescue,English,"Drama, Action",2006-02-06,Running,30.0,http://tenplay.com.au/channel-ten/bondi-rescue,Network 10,Australia
1074,Bonekickers,English,"Drama, Adventure",2008-07-08,Ended,60.0,http://www.bbc.co.uk/programmes/b00cl92f,BBC One,United Kingdom
65,Bones,English,"Drama, Crime, Medical",2005-09-13,Ended,44.0,http://www.fox.com/bones,FOX,United States
1934,Boogiepop Phantom,Japanese,"Drama, Anime, Horror",2000-01-05,Ended,30.0,,TV Tokyo,Japan
1970,BOOM!,English,,2015-06-25,Ended,60.0,http://www.fox.com/boom/full-episodes,FOX,United States
1309,Boomtown,English,"Action, Adventure, Crime",2002-09-29,Ended,60.0,,NBC,United States
604,Booze Traveler,English,"Food, Travel",2014-11-24,Ended,60.0,http://www.travelchannel.com/shows/booze-traveler/,Travel Channel,United States
764,Bored to Death,English,"Drama, Comedy, Crime",2009-09-20,Ended,30.0,http://www.hbo.com/bored-to-death,HBO,United States
1625,Born in the Wild,English,,2015-03-03,Ended,60.0,,Lifetime,United States
1216,Bosch,English,"Drama, Crime, Mystery",2015-02-13,Ended,,https://www.amazon.com/dp/B00I3MQNWG/,,
835,Boss,English,"Drama, Crime",2011-10-21,Ended,60.0,,STARZ,United States
598,Boston Legal,English,"Drama, Comedy, Legal",2004-10-03,Ended,60.0,,ABC,United States
1310,Boston Med,English,"Drama, Medical",2010-06-24,Ended,60.0,,ABC,United States
1311,Boston's Finest,English,"Drama, Crime",2013-02-27,Ended,60.0,,TNT,United States
683,Boy Meets World,English,"Drama, Comedy, Family",1993-09-24,Ended,30.0,,ABC,United States
1192,Brad Meltzer's Lost History,English,History,2014-10-31,Ended,60.0,http://www.history.com/shows/brad-meltzers-lost-history,Vice TV,United States
1171,Branson Famous,English,Music,2014-12-29,Ended,30.0,,truTV,United States
1642,Brazil Red,Portuguese,Drama,2013-03-03,Ended,60.0,,RTP1,Portugal
531,Breaking Amish,English,,2012-09-09,Ended,60.0,http://www.tlc.com/tv-shows/breaking-amish/,TLC,United States
169,Breaking Bad,English,"Drama, Crime, Thriller",2008-01-20,Ended,60.0,http://www.amc.com/shows/breaking-bad,AMC,United States
1725,Breaking Borders,English,,2015-03-15,Ended,60.0,,Travel Channel,United States
510,Breaking In,English,"Comedy, Action, Crime",2011-04-06,Ended,30.0,https://web.archive.org/web/20120701202417/http://www.fox.com/breakingin/,FOX,United States
1393,Breaking Point,English,Crime,2015-01-15,Ended,60.0,http://www.investigationdiscovery.com/tv-shows/breaking-point/,Investigation Discovery,United States
586,Breakout Kings,English,"Drama, Action, Crime",2011-03-06,Ended,60.0,,A&E,United States
277,Brickleberry,English,Comedy,2012-09-25,Ended,30.0,http://www.cc.com/shows/brickleberry,Comedy Central,United States
1075,Brideshead Revisited,English,Drama,1981-10-12,Ended,60.0,,ITV1,United Kingdom
1125,Brimstone,English,"Action, Fantasy, Horror",1998-10-23,Ended,60.0,,FOX,United States
375,Broad City,English,Comedy,2014-01-22,Ended,30.0,http://www.cc.com/shows/broad-city,Comedy Central,United States
306,Broadchurch,English,"Drama, Crime, Mystery",2013-03-04,Ended,60.0,http://www.itv.com/theendiswhereitbegins,ITV1,United Kingdom
1910,Bron / Broen,Swedish,"Drama, Crime, Thriller",2011-09-28,Ended,60.0,http://www.svt.se/bron/,SVT1,Sweden
49,Brooklyn Nine-Nine,English,"Comedy, Action, Crime",2013-09-17,Ended,30.0,https://www.nbc.com/brooklyn-nine-nine,NBC,United States
779,Brothers & Sisters,English,Drama,2006-09-24,Ended,60.0,,ABC,United States
737,Bubble Guppies,English,Children,2011-01-24,Ended,30.0,https://www.nickjr.com/shows/bubble-guppies,Nickelodeon,United States
1923,Bubblegum Crisis: Tokyo 2040,Japanese,"Action, Adventure, Anime, Science-Fiction",1998-10-08,Ended,30.0,,TV Tokyo,Japan
1460,Buck Rogers in the 25th Century,English,"Action, Adventure, Science-Fiction",1979-09-20,Ended,60.0,,NBC,United States
427,Buffy the Vampire Slayer,English,"Drama, Action, Supernatural",1997-03-10,Ended,60.0,,UPN,United States
1968,Bullseye,English,Family,2015-05-27,Ended,60.0,https://www.fox.com/bullseye/,FOX,United States
871,Bunheads,English,"Drama, Comedy",2012-06-11,Ended,60.0,,Freeform,United States
1614,Bureau Raampoort,Dutch,"Drama, Crime",2014-12-03,Ended,45.0,,SBS 6,Netherlands
667,Burn Notice,English,"Drama, Action, Crime",2007-06-28,Ended,60.0,http://www.usanetwork.com/burnnotice,USA Network,United States
1424,Bush Pilots,English,Adventure,2012-07-02,Ended,60.0,http://dave.uktv.co.uk/shows/bush-pilots/,U&Dave,United Kingdom
648,Bye Felicia!,English,,2014-12-09,Ended,60.0,http://www.vh1.com/shows/bye-felicia,VH1,United States
1621,Cabin Fever,English,,2015-02-24,Ended,60.0,,National Geographic,United States
921,Cake Boss,English,"Food, Family",2009-05-25,Ended,30.0,http://www.tlc.com/tv-shows/cake-boss/,Discovery Family,United States
28,Californication,English,"Drama, Comedy",2007-08-13,Ended,30.0,http://www.sho.com/sho/californication/home,Paramount+ with Showtime,United States
394,Call the Midwife,English,"Drama, Medical",2012-01-15,Running,60.0,http://www.bbc.co.uk/programmes/p0118t80,BBC One,United Kingdom
1002,Camelot,English,"Drama, Fantasy",2011-02-25,Ended,60.0,,STARZ,United States
1918,Camp,English,"Drama, Comedy, Romance",2013-07-10,Ended,60.0,,NBC,United States
1730,Cancer: The Emperor of All Maladies,English,,2015-03-30,Ended,120.0,,PBS,United States
433,Caprica,English,"Drama, Science-Fiction",2010-01-22,Ended,60.0,http://www.syfy.com/caprica/,Syfy,United States
162,Carnivàle,English,"Drama, Fantasy, Horror",2003-09-14,Ended,60.0,https://www.hbo.com/carnivale,HBO,United States
1312,Cashmere Mafia,English,,2008-01-06,Ended,60.0,,ABC,United States
68,Castle,English,"Drama, Crime",2009-03-09,Ended,40.0,http://abc.go.com/shows/castle,ABC,United States
729,Casualty,English,"Drama, Medical",1986-09-06,Running,,http://www.bbc.co.uk/programmes/b006m8wd,,
1927,Cat's Eye,Japanese,"Comedy, Action, Adventure, Anime",1983-07-11,Ended,30.0,,NTV,Japan
997,Catfish: The TV Show,English,,2012-11-12,Ended,60.0,https://www.mtv.com/shows/catfish-the-tv-show,MTV,United States
1187,Caught on Camera with Nick Cannon,English,,2014-12-19,Ended,60.0,http://www.nbc.com/caught-on-camera,NBC,United States
1461,Cavemen,English,Comedy,2007-10-02,Ended,30.0,,ABC,United States
1592,Cedric's Barber Battle,English,,2015-04-17,Ended,30.0,,The CW,United States
1516,Celebrity Big Brother,English,,2001-03-10,Ended,60.0,http://bigbrother.channel5.com,5,United Kingdom
1142,Celebrity Motor Homes,English,,2011-12-22,Ended,30.0,http://www.greatamericancountry.com/shows/celebrity-motor-homes,Great American Family,United States
1783,Celebrity Wife Swap,English,Family,2012-01-02,Ended,60.0,http://abc.go.com/shows/celebrity-wife-swap/about-the-show,ABC,United States
971,Chaos,English,"Drama, Comedy, Espionage",2011-04-01,Ended,60.0,,CBS,United States
1979,Charles in Charge,English,Comedy,1984-10-03,Ended,30.0,,Syndication,United States
474,Charlie's Angels,English,"Action, Adventure",1976-09-22,Ended,60.0,,ABC,United States
447,Charlie's Angels,English,"Action, Crime",2011-09-22,Ended,60.0,,ABC,United States
506,Charmed,English,"Drama, Romance, Supernatural",1998-10-07,Ended,60.0,,The WB,United States
977,Chase,English,"Drama, Action, Crime",2010-09-20,Ended,60.0,,NBC,United States
298,Chasing Life,English,"Drama, Romance, Medical",2014-06-10,Ended,60.0,,Freeform,United States
1438,Chasing Shadows,English,"Drama, Crime, Thriller",2014-09-04,Ended,60.0,,ITV1,United Kingdom
553,Cheers,English,Comedy,1982-09-30,Ended,30.0,,NBC,United States
59,Chicago Fire,English,"Drama, Action",2012-10-10,Running,60.0,https://www.nbc.com/chicago-fire,NBC,United States
56,Chicago P.D.,English,"Drama, Crime",2014-01-08,Running,60.0,https://www.nbc.com/chicago-pd,NBC,United States
1173,Child Genius,English,,2015-01-06,Ended,60.0,,Lifetime,United States
1958,"China, IL",English,Comedy,2011-10-02,Ended,30.0,http://www.adultswim.com/videos/china-il,Adult Swim,United States
881,CHiPs,English,"Drama, Action, Crime",1977-09-15,Ended,60.0,,NBC,United States
1708,Chiringuito de Pepe,Spanish,"Drama, Comedy, Food",2014-06-09,Ended,75.0,http://www.telecinco.es/chiringuitodepepe/,Telecinco,Spain
954,Chopped,English,Food,2009-01-13,Running,60.0,http://www.foodnetwork.com/shows/chopped,Food Network,United States
978,Chowder,English,"Comedy, Children",2007-11-02,Ended,15.0,https://www.cartoonnetwork.com/shows/chowder/characters/,Cartoon Network,United States
418,Chrisley Knows Best,English,"Comedy, Family",2014-03-11,Ended,30.0,https://www.usanetwork.com/chrisley-knows-best,USA Network,United States
1546,Christina Milian Turned Up,English,Music,2015-01-18,Ended,60.0,http://www.eonline.com/shows/christina_milian_turned_up,E!,United States
168,Chuck,English,"Drama, Comedy, Action",2007-09-24,Ended,60.0,http://www.nbc.com/chuck,NBC,United States
378,Citizen Khan,English,"Comedy, Family",2012-08-27,Ended,30.0,http://www.bbc.co.uk/programmes/b03c8nd8,BBC One,United Kingdom
1213,Cleaners,English,"Action, Crime, Thriller",2013-10-03,Ended,,https://www.crackle.com/watch/55e83bf5-adea-4ba1-955e-c501bb8baaff/cleaners,,
981,Cleopatra 2525,English,"Action, Adventure, Science-Fiction",2000-01-17,Ended,30.0,,Syndication,United States
1126,Clone,English,Comedy,2008-11-17,Ended,30.0,http://www.bbc.co.uk/programmes/b00fscf6,BBC Three,United Kingdom
1643,Clone High,English,"Comedy, Science-Fiction",2002-11-02,Ended,30.0,,Cartoon Network,Canada
1575,Coaching Bad,English,Sports,2015-02-08,Ended,60.0,,Paramount Network,United States
1914,Code 37,Dutch,"Drama, Crime",2009-08-31,Ended,60.0,https://vtm.be/vtmgo/code-37~p2266c87a-d8f3-4591-bf9d-668ae5a4830d,VTM,Belgium
1644,Code Name: Eternity,English,,2000-05-14,Ended,45.0,,Syndication,United States
772,Cold Case,English,"Drama, Crime",2003-09-28,Ended,60.0,,CBS,United States
1314,Cold Justice,English,"Crime, Legal",2013-09-03,Running,60.0,http://www.oxygen.com/cold-justice,Oxygen True Crime,United States
1872,Cold Justice: Sex Crimes,English,"Crime, Legal",2015-07-31,Ended,60.0,,TNT,United States
466,Columbo,English,"Drama, Crime, Mystery",1968-02-20,Ended,120.0,,ABC,United States
1315,Combat Hospital,English,"Drama, War, Medical",2011-06-21,Ended,60.0,,Global,Canada
1462,Combat!,English,"Drama, Action, War",1962-10-02,Ended,60.0,,ABC,United States
1214,Come Fly with Me,English,"Comedy, Travel",2010-12-25,Ended,30.0,http://www.bbc.co.uk/programmes/b00trc9v,BBC One,United Kingdom
1645,Comedians in Cars Getting Coffee,English,Comedy,2012-07-19,Ended,,https://www.netflix.com/title/80171362,,
753,Comedy Bang! Bang!,English,Comedy,2012-06-08,Ended,30.0,http://www.ifc.com/shows/comedy-bang-bang,IFC,United States
256,Comic Book Men,English,Comedy,2012-02-12,Ended,30.0,http://www.amc.com/shows/comic-book-men,AMC,United States
1084,Commander in Chief,English,Drama,2005-09-27,Ended,60.0,,ABC,United States
318,Community,English,Comedy,2009-09-17,Ended,30.0,http://www.nbc.com/community,,
1996,Complete Savages,English,Comedy,2004-09-24,Ended,30.0,,ABC,United States
1794,Complications,English,"Drama, Thriller, Medical",2015-06-18,Ended,60.0,https://www.usanetwork.com/complications,USA Network,United States
243,Conan,English,Comedy,2010-11-08,Ended,30.0,https://teamcoco.com,TBS,United States
15,Constantine,English,"Drama, Action, Horror",2014-10-24,Ended,60.0,https://www.nbc.com/constantine,NBC,United States
1861,Containment,English,"Drama, Horror, Thriller",2016-04-19,Ended,60.0,http://www.cwtv.com/shows/containment,The CW,United States
14,Continuum,English,"Drama, Crime, Science-Fiction",2012-05-27,Ended,60.0,,Showcase,Canada
1316,Conviction,English,"Drama, Crime, Legal",2006-03-03,Ended,60.0,,NBC,United States
400,Copper,English,"Drama, Crime",2012-08-19,Ended,60.0,http://www.bbcamerica.com/shows/copper,BBC America,United States
240,Cops,English,"Action, Crime",1989-03-11,Running,,https://nation.foxnews.com/cops-nation/,,
1128,Cosmos,English,"Mystery, Nature, History",1980-09-28,Ended,60.0,https://www.nationalgeographic.com/tv/shows/cosmos-possible-worlds,National Geographic,United States
319,Cougar Town,English,Comedy,2009-09-23,Ended,30.0,,TBS,United States
1715,Counting Cars,English,,2012-08-13,Ended,60.0,http://www.history.com/shows/counting-cars,History,United States
654,Country Buck$,English,,2014-11-19,Ended,30.0,,A&E,United States
1085,Coupling,English,"Comedy, Romance",2000-05-12,Ended,30.0,http://www.bbc.co.uk/programmes/p006cwvz,BBC Three,United Kingdom
1086,Coupling,English,"Drama, Comedy, Romance",2003-09-25,Ended,30.0,,NBC,United States
1956,Courage the Cowardly Dog,English,"Adventure, Children, Horror",1999-11-12,Ended,30.0,,Cartoon Network,United States
345,Covert Affairs,English,"Drama, Action, Crime",2010-07-13,Ended,60.0,,USA Network,United States
1121,Cowboy Bebop,Japanese,"Action, Adventure, Anime, Science-Fiction",1998-10-24,Ended,30.0,,WOWOW,Japan
1087,Cranford,English,Drama,2007-11-18,Ended,60.0,http://www.bbc.co.uk/programmes/b00ps1xh,BBC One,United Kingdom
1463,Crash,English,Drama,2008-10-17,Ended,60.0,,STARZ,United States
81,Criminal Minds,English,"Drama, Crime, Thriller",2005-09-22,Running,,https://www.paramountplus.com/shows/criminal_minds/,,
1020,Criminal Minds: Suspect Behavior,English,"Drama, Crime, Mystery",2011-02-16,Ended,60.0,,CBS,United States
190,Crisis,English,"Drama, Action, Thriller",2014-03-16,Ended,60.0,http://www.nbc.com/crisis/,NBC,United States
1464,Criss Angel: Mindfreak,English,,2005-07-20,Ended,60.0,,A&E,United States
137,Cristela,English,"Comedy, Legal",2014-10-10,Ended,30.0,,ABC,United States
658,Crossbones,English,"Drama, Action, Adventure",2014-05-30,Ended,60.0,,NBC,United States
1646,Crossbow,English,"Action, Adventure",1987-08-30,Ended,30.0,,Freeform,United States
948,Crossing Jordan,English,"Drama, Crime, Mystery",2001-09-24,Ended,60.0,,NBC,United States
220,Crossing Lines,English,"Drama, Action, Crime",2013-06-23,Ended,60.0,,TF1,France
600,Crowd Control,English,,2014-11-24,Ended,30.0,,National Geographic,United States
1089,Crusade,English,"Drama, Action, Science-Fiction",1999-06-09,Ended,60.0,,TNT,United States
1465,Crusoe,English,"Drama, Action, Adventure",2008-10-17,Ended,60.0,,NBC,United States
109,CSI: Crime Scene Investigation,English,"Drama, Action, Crime",2000-10-06,Ended,60.0,http://www.cbs.com/shows/csi/,CBS,United States
735,CSI: Cyber,English,"Drama, Action, Crime",2015-03-04,Ended,60.0,http://www.cbs.com/shows/csi-cyber,CBS,United States
576,CSI: Miami,English,"Drama, Crime",2002-09-23,Ended,60.0,,CBS,United States
749,CSI: NY,English,"Drama, Action, Crime",2004-09-22,Ended,60.0,,CBS,United States
1746,Cucumber,English,Drama,2015-01-22,Ended,60.0,http://www.channel4.com/programmes/cucumber,Channel 4,United Kingdom
1697,Cuestión de Sexo,Spanish,Comedy,2007-09-25,Ended,,,Cuatro,Spain
1021,Cult,English,"Drama, Thriller, Mystery",2013-02-19,Ended,60.0,,The CW,United States
529,Cupcake Wars,English,Food,2010-06-13,Ended,60.0,http://www.foodnetwork.com/shows/cupcake-wars.html,Cooking Channel,United States
1090,Cupid,English,"Drama, Comedy, Romance",1998-09-26,Ended,60.0,,ABC,United States
1091,Cupid,English,"Drama, Romance",2009-03-31,Ended,60.0,,ABC,United States
551,Curb Your Enthusiasm,English,Comedy,2000-10-15,Ended,30.0,http://www.hbo.com/curb-your-enthusiasm,HBO,United States
1198,Cutthroat Kitchen,English,Food,2013-08-11,Ended,60.0,http://www.foodnetwork.com/shows/cutthroat-kitchen.html,Food Network,United States
1695,Cuéntame como pasó,Spanish,Drama,2001-09-13,Running,60.0,http://www.rtve.es/television/cuentame/,La 1,Spain
197,Da Vinci's Demons,English,"Drama, Horror",2013-04-12,Ended,60.0,http://www.starz.com/originals/davincisdemons/featured,,
193,Dads,English,Comedy,2013-09-17,Ended,30.0,,FOX,United States
863,Dallas,English,"Drama, Family",1978-04-02,Ended,60.0,,CBS,United States
238,Dallas,English,"Drama, Family",2012-06-13,Ended,60.0,,TNT,United States
679,Damages,English,"Drama, Legal",2007-07-24,Ended,60.0,,Audience Network,United States
1856,Dance Academy,English,"Drama, Music, Romance",2010-05-31,Ended,30.0,http://www.abc.net.au/tv/programs/dance-academy/,ABC Entertains,Australia
685,Dance Moms,English,"Drama, Family, Music",2011-07-13,Running,30.0,http://www.mylifetime.com/shows/dance-moms,Lifetime,United States
701,Dancing on the Edge,English,Drama,2013-02-04,Ended,90.0,http://www.bbc.co.uk/programmes/p013qqwt,BBC Two,United Kingdom
71,Dancing with the Stars,English,Family,2005-06-01,Running,120.0,https://abc.com/shows/dancing-with-the-stars,ABC,United States
1619,Danger 5,English,"Comedy, Action, War",2012-02-27,Ended,30.0,,SBS,Australia
691,Daniel Tiger's Neighborhood,English,"Comedy, Children, Fantasy",2012-09-03,Running,,https://pbskids.org/daniel/,PBS Kids,United States
1883,Dara O Briain's Science Club,English,,2012-11-06,Ended,60.0,http://www.bbc.co.uk/programmes/b037mkj3,BBC Two,United Kingdom
554,Dark Angel,English,"Action, Science-Fiction",2000-10-03,Ended,60.0,,FOX,United States
937,Dark Blue,English,"Drama, Action, Crime",2009-07-15,Ended,60.0,,TNT,United States
1980,Dark Justice,English,"Drama, Action, Crime",1991-04-05,Ended,60.0,,CBS,United States
1819,Dark Matter,English,"Action, Adventure, Science-Fiction",2015-06-12,Ended,60.0,http://www.space.ca/show/dark-matter/,CTV Sci-Fi Channel,Canada
463,Dark Skies,English,"Drama, Science-Fiction",1996-09-21,Ended,60.0,,NBC,United States
1705,Dates,English,"Drama, Romance",2013-06-10,Ended,30.0,https://web.archive.org/web/20161129005959/http://www.channel4.com/programmes/dates,Channel 4,United Kingdom
845,Dawson's Creek,English,"Drama, Romance",1998-01-20,Ended,60.0,,The WB,United States
485,Day Break,English,"Drama, Science-Fiction, Thriller",2006-11-15,Ended,60.0,,ABC,United States
812,Days of Our Lives,English,"Drama, Family, Romance",1965-11-08,Running,,https://www.peacocktv.com/stream-tv/days-of-our-lives,,
1851,DC's Legends of Tomorrow,English,"Drama, Action, Science-Fiction",2016-01-21,Ended,60.0,http://www.cwtv.com/shows/dcs-legends-of-tomorrow,The CW,United States
1758,DCI Banks,English,"Drama, Crime",2010-09-27,Ended,60.0,http://www.itv.com/hub/dci-banks/1a9089,ITV1,United Kingdom
1841,Dead End Express,English,,2015-05-07,Ended,60.0,http://channel.nationalgeographic.com/dead-end-express/,National Geographic,United States
436,Dead Like Me,English,"Drama, Comedy, Supernatural",2003-06-27,Ended,60.0,,Paramount+ with Showtime,United States
476,Dead Set,English,"Comedy, Fantasy, Horror",2008-10-27,Ended,30.0,http://www.channel4.com/programmes/dead-set,E4,United Kingdom
303,Deadbeat,English,"Comedy, Supernatural",2014-04-09,Ended,,http://www.hulu.com/deadbeat,,
798,Deadliest Catch,English,"Action, Adventure, Nature",2005-04-12,Running,60.0,https://www.discovery.com/tv-shows/deadliest-catch/,Discovery,United States
869,Deadly Women,English,Crime,2005-02-08,Ended,60.0,https://www.investigationdiscovery.com/tv-shows/deadly-women,Investigation Discovery,United States
565,Deadwood,English,"Drama, Crime, Western",2004-03-21,Ended,60.0,https://www.hbo.com/deadwood,HBO,United States
331,Deal With It,English,,2013-07-17,Ended,30.0,,TBS,United States
1092,Death Comes to Pemberley,English,"Drama, Romance, Mystery",2013-12-26,Ended,60.0,http://www.bbc.co.uk/programmes/p01mqkm5,BBC One,United Kingdom
1437,Death in Paradise,English,"Drama, Crime, Mystery",2011-10-25,Running,60.0,http://www.bbc.co.uk/programmes/b01pvmf6,BBC One,United Kingdom
40,Death Note,Japanese,"Anime, Fantasy, Thriller",2006-10-03,Ended,30.0,http://www.j-deathnote.com/,NTV,Japan
1915,Death Parade,Japanese,"Anime, Fantasy, Horror",2015-01-10,Ended,30.0,http://www.deathparade.jp,NTV,Japan
967,Deception,English,"Drama, Crime, Mystery",2013-01-07,Ended,60.0,,NBC,United States
94,Defiance,English,"Action, Adventure, Science-Fiction",2013-04-15,Ended,60.0,,Syfy,United States
446,Defying Gravity,English,"Drama, Science-Fiction, Thriller",2009-08-02,Ended,60.0,,CTV,Canada
405,Derek,English,"Drama, Comedy",2012-04-12,Ended,30.0,http://www.channel4.com/programmes/derek,Channel 4,United Kingdom
550,Desperate Housewives,English,"Drama, Mystery",2004-10-03,Ended,60.0,,ABC,United States
998,Detroit 1-8-7,English,"Drama, Action, Crime",2010-09-21,Ended,60.0,,ABC,United States
201,Devious Maids,English,"Drama, Crime",2013-06-23,Ended,60.0,http://www.mylifetime.com/shows/devious-maids,Lifetime,United States
161,Dexter,English,"Drama, Crime, Mystery",2006-10-01,Ended,60.0,https://www.sho.com/dexter,Paramount+ with Showtime,United States
1953,Dexter's Laboratory,English,"Comedy, Adventure, Children",1996-04-28,Ended,30.0,,Cartoon Network,United States
569,Dharma & Greg,English,"Comedy, Family, Romance",1997-09-24,Ended,30.0,,ABC,United States
1738,Did He Do It?,English,Crime,2015-04-02,Ended,60.0,,Investigation Discovery,United States
627,Dig,English,"Drama, Thriller, Mystery",2015-03-05,Ended,60.0,,USA Network,United States
1517,Digimon: Digital Monsters,English,"Action, Adventure, Anime, Fantasy",1999-03-06,Ended,30.0,,Fuji TV,Japan
1466,Dilbert,English,Comedy,1999-01-25,Ended,30.0,,UPN,United States
1094,Dinotopia,English,"Adventure, Family, Fantasy",2002-11-28,Ended,60.0,,ABC,United States
972,Dirt,English,Drama,2007-01-02,Ended,60.0,,FX,United States
838,Dirty Jobs,English,,2003-11-07,To Be Determined,60.0,https://go.discovery.com/show/dirty-jobs-discovery-atve-us,Discovery,United States
861,Dirty Sexy Money,English,Drama,2007-09-26,Ended,60.0,,ABC,United States
1009,Do No Harm,English,"Drama, Horror, Medical",2013-01-31,Ended,60.0,http://www.nbc.com/do-no-harm/,NBC,United States
990,Doc Martin,English,"Drama, Comedy, Medical",2004-09-02,Ended,60.0,https://www.itv.com/hub/doc-martin/26104,ITV1,United Kingdom
210,Doctor Who,English,"Drama, Adventure, Science-Fiction",2005-03-26,Ended,,http://www.bbc.co.uk/programmes/b006q2x0,BBC One,United Kingdom
766,Doctor Who,English,"Action, Adventure, Science-Fiction",1963-11-23,Ended,25.0,https://www.bbc.co.uk/programmes/p0ggwr8l,BBC One,United Kingdom
992,Dog the Bounty Hunter,English,,2004-08-31,Ended,30.0,https://www.aetv.com/shows/dog-the-bounty-hunter,A&E,United States
498,Dogs of War,English,War,2014-11-11,Ended,60.0,,A&E,United States
432,Dollhouse,English,"Action, Science-Fiction",2009-02-13,Ended,60.0,,FOX,United States
104,Dominion,English,"Action, Adventure, Fantasy",2014-06-19,Ended,60.0,http://www.syfy.com/dominion,Syfy,United States
902,Don't Tell the Bride,English,,2007-11-08,To Be Determined,60.0,http://www.channel4.com/programmes/dont-tell-the-bride,E4,United Kingdom
397,Don't Trust the B---- in Apartment 23,English,Comedy,2012-04-11,Ended,30.0,,ABC,United States
1095,"Doogie Howser, M.D.",English,"Comedy, Medical",1989-09-19,Ended,30.0,,ABC,United States
251,Downton Abbey,English,"Drama, Family, Romance",2010-09-26,Ended,60.0,,ITV1,United Kingdom
1022,Dr. Horrible's Sing-Along Blog,English,"Comedy, Music, Science-Fiction",2008-07-15,Ended,,,,
1865,Dr. Ken,English,"Comedy, Family, Medical",2015-10-02,Ended,30.0,http://abc.go.com/shows/dr-ken,ABC,United States
592,"Dr. Oakley, Yukon Vet",English,,2014-04-12,Running,60.0,https://www.nationalgeographic.com/tv/shows/dr-oakley-yukon-vet,National Geographic Wild,United States
1097,"Dr. Quinn, Medicine Woman",English,"Drama, Family, Western",1993-01-01,Ended,60.0,,CBS,United States
1382,Dracula,English,"Drama, Horror",2013-10-25,Ended,60.0,,NBC,United States
1676,Dragon Ball Kai,Japanese,"Action, Adventure, Anime, Fantasy",2009-04-05,Ended,25.0,,Fuji TV,Japan
988,Drake & Josh,English,"Comedy, Family",2004-01-11,Ended,30.0,,Nickelodeon,United States
1518,Drawn Together,English,Comedy,2004-10-27,Ended,30.0,,Comedy Central,United States
1266,DreamWorks Dragons,English,"Adventure, Family, Fantasy",2012-08-07,Ended,30.0,https://www.howtotrainyourdragon.com/tv,Cartoon Network,United States
1096,Drive,English,"Drama, Action, Adventure",2007-04-13,Ended,60.0,,FOX,United States
666,Drop Dead Diva,English,"Drama, Comedy",2009-07-12,Ended,60.0,,Lifetime,United States
855,"Drugs, Inc.",English,,2010-07-11,Ended,60.0,http://channel.nationalgeographic.com/drugs-inc/,National Geographic,United States
334,Drunk History,English,"Comedy, History",2013-07-09,Ended,30.0,http://www.cc.com/shows/drunk-history,Comedy Central,United States
1519,DTLA,English,,2012-10-24,Ended,30.0,,Logo TV,United States
1420,Dual Survival,English,"Drama, Adventure",2010-06-11,Ended,60.0,http://www.discovery.com/tv-shows/dual-survival/,Discovery,United States
398,Duck Dynasty,English,"Comedy, Adventure",2012-03-21,Ended,30.0,http://www.aetv.com/duck-dynasty,A&E,United States
414,Duckman: Private Dick/Family Man,English,"Comedy, Crime",1994-03-05,Ended,30.0,,USA Network,United States
1981,Due South,English,"Drama, Action, Crime",1994-04-26,Ended,60.0,,CTV,Canada
1129,Dungeons & Dragons,English,"Adventure, Fantasy",1983-09-17,Ended,30.0,,CBS,United States
695,Durarara!!,Japanese,"Drama, Action, Anime, Fantasy",2010-01-08,Ended,25.0,,MBS,Japan
1098,Early Edition,English,"Drama, Fantasy, Science-Fiction",1996-09-28,Ended,60.0,,CBS,United States
1568,Earth: A New Wild,English,,2015-02-04,Ended,60.0,,PBS,United States
1469,Earth: Final Conflict,English,"Drama, Action, Science-Fiction",1997-10-06,Ended,60.0,,Syndication,United States
1141,Eastbound & Down,English,"Drama, Comedy, Sports",2009-02-15,Ended,30.0,http://www.hbo.com/eastbound-and-down,HBO,United States
793,EastEnders,English,Drama,1985-02-19,Running,,http://www.bbc.co.uk/programmes/b006m86d,,
591,Eat: The Story of Food,English,Food,2014-11-21,Ended,60.0,,National Geographic,United States
761,Edge of Alaska,English,,2014-10-24,Ended,60.0,http://www.discovery.com/tv-shows/edge-of-alaska/,Discovery,United States
903,Eggheads,English,,2003-11-10,Ended,30.0,http://www.bbc.co.uk/programmes/b006z736,BBC Two,United Kingdom
1031,El Internado,Spanish,"Drama, Thriller, Mystery",2007-05-24,Ended,80.0,https://www.antena3.com/series/el-internado/,Antena 3,Spain
1763,El Ministerio del Tiempo,Spanish,"Adventure, Science-Fiction",2015-02-24,Ended,70.0,http://www.rtve.es/television/ministerio-del-tiempo/,La 1,Spain
133,Elementary,English,"Drama, Crime, Mystery",2012-09-27,Ended,60.0,http://www.cbs.com/shows/elementary/,CBS,United States
1982,Eleventh Hour,English,"Drama, Science-Fiction, Thriller",2008-10-09,Ended,60.0,,CBS,United States
941,Eli Stone,English,"Drama, Fantasy, Legal",2008-01-31,Ended,60.0,,ABC,United States
1470,Emergency!,English,"Drama, Action, Medical",1972-01-15,Ended,60.0,,NBC,United States
1317,"Emily Owens, M.D.",English,"Drama, Comedy, Romance",2012-10-16,Ended,60.0,,The CW,United States
1267,Emma,English,"Drama, Comedy, Romance",2009-10-04,Ended,60.0,http://www.bbc.co.uk/programmes/b00n8s6x,BBC One,United Kingdom
1355,Empire,English,"Drama, Music",2015-01-07,Ended,60.0,http://www.fox.com/empire,FOX,United States
1268,Endeavour,English,"Drama, Crime, Mystery",2012-01-02,Ended,120.0,http://www.itv.com/hub/endeavour/2a1229,ITV1,United Kingdom
1997,Endgame,English,"Drama, Comedy, Crime",2011-03-14,Ended,60.0,,Showcase,Canada
1269,Enlightened,English,"Drama, Comedy",2011-10-10,Ended,30.0,http://www.hbo.com/enlightened,HBO,United States
1099,Enlisted,English,Comedy,2014-01-10,Ended,30.0,,FOX,United States
559,Entourage,English,"Drama, Comedy",2004-07-18,Ended,30.0,http://www.hbo.com/entourage,HBO,United States
1417,Epic Meal Empire,English,"Comedy, Food",2014-07-26,Ended,30.0,,FYI,United States
146,Episodes,English,Comedy,2011-01-09,Ended,30.0,http://www.sho.com/sho/episodes/home,Paramount+ with Showtime,United States
547,ER,English,"Drama, Medical",1994-09-19,Ended,60.0,,NBC,United States
605,Eric Greenspan is Hungry,English,"Food, Travel",2014-11-24,Ended,30.0,,National Geographic,United States
542,Eureka,English,"Drama, Comedy, Science-Fiction",2006-07-18,Ended,60.0,,Syfy,United States
602,Euros of Hollywood,English,,2014-11-03,Ended,30.0,,Bravo,United States
440,Everwood,English,"Drama, Family, Romance",2002-09-16,Ended,60.0,,The WB,United States
1297,Every Witch Way,English,"Comedy, Children, Fantasy",2014-01-01,Ended,30.0,http://www.nick.com/every-witch-way/,Nickelodeon,United States
692,Everybody Hates Chris,English,Comedy,2005-09-22,Ended,30.0,,The CW,United States
573,Everybody Loves Raymond,English,"Comedy, Family",1996-09-13,Ended,30.0,,CBS,United States
1774,Everything You Didn't Know About Animals,English,,2015-04-13,Ended,60.0,,National Geographic Wild,United States
1352,Evil Twins,English,"Crime, Mystery",2012-07-26,Ended,60.0,http://www.investigationdiscovery.com/tv-shows/evil-twins/,Investigation Discovery,United States
1318,Exes & Ohs,English,"Drama, Comedy, Romance",2007-10-08,Ended,30.0,http://www.logotv.com/shows/exes-and-ohs,Logo TV,United States
612,Expedition Unknown,English,"Adventure, Mystery, History",2015-01-08,Running,,https://www.discovery.com/shows/expedition-unknown,Discovery,United States
181,Extant,English,"Drama, Science-Fiction, Thriller",2014-07-09,Ended,60.0,http://www.cbs.com/shows/extant/,CBS,United States
1143,Extra,English,,1994-09-05,Running,30.0,,Syndication,United States
1270,Extras,English,Comedy,2005-07-21,Ended,,http://www.bbc.co.uk/programmes/b0070rj8,BBC One,United Kingdom
1186,Extreme Escapes,English,,2014-11-29,Ended,60.0,http://www.reelz.com/extreme-escapes/,REELZ,United States
877,Extreme Weight Loss,English,,2011-05-30,Ended,120.0,http://abc.go.com/shows/extreme-weight-loss,ABC,United States
613,Eye Candy,English,"Drama, Crime, Thriller",2015-01-12,Ended,60.0,,MTV,United States
1983,Eyes,English,"Drama, Crime",2005-03-30,Ended,60.0,,ABC,United States
278,Face Off,English,,2011-01-26,Ended,60.0,http://www.syfy.com/faceoff,Syfy,United States
412,Fairly Legal,English,Drama,2011-01-20,Ended,60.0,,USA Network,United States
601,Fake Off,English,,2014-10-27,Ended,60.0,,truTV,United States
283,Faking It,English,"Comedy, Romance",2014-04-22,Ended,30.0,http://www.mtv.com/shows/faking-it,MTV,United States
1648,Fallen,English,"Adventure, Fantasy",2007-08-04,Ended,60.0,,Freeform,United States
95,Falling Skies,English,"Drama, Action, Science-Fiction",2011-06-19,Ended,60.0,,TNT,United States
84,Family Guy,English,"Comedy, Family",1999-01-31,Running,30.0,https://www.fox.com/family-guy/,FOX,United States
1250,Family Matters,English,"Comedy, Family",1989-09-22,Ended,30.0,,CBS,United States
950,Family Ties,English,"Drama, Comedy, Family",1982-09-22,Ended,30.0,,NBC,United States
1218,Family Tree,English,"Drama, Comedy",2013-05-12,Ended,30.0,,HBO,United States
32,Fargo,English,"Drama, Comedy, Crime",2014-04-15,To Be Determined,60.0,http://www.fxnetworks.com/fargo,FX,United States
429,Farscape,English,"Action, Adventure, Science-Fiction",1999-03-19,Ended,60.0,,Syfy,United States
705,Fast N' Loud,English,,2012-06-06,Ended,60.0,http://www.discovery.com/tv-shows/fast-n-loud/,Discovery,United States
1920,Fastlane,English,"Drama, Action, Crime",2002-09-18,Ended,60.0,,FOX,United States
1637,Fat n' Furious: Rolling Thunder,English,,2014-06-23,Ended,60.0,http://www.discovery.com/tv-shows/fat-n-furious/,Discovery,United States
1185,Fatal Vows,English,"Drama, Crime, Thriller",2012-11-17,Ended,60.0,https://www.investigationdiscovery.com/tv-shows/fatal-vows/,Investigation Discovery,United States
1945,Fate/Stay Night,Japanese,"Action, Adventure, Anime, Fantasy",2006-01-06,Ended,25.0,,TV Saitama,Japan
1946,Fate/Stay Night: Unlimited Blade Works,Japanese,"Action, Adventure, Anime, Fantasy",2014-10-11,Ended,25.0,http://www.fate-sn.com/,Tokyo MX,Japan
577,Fawlty Towers,English,Comedy,1975-09-19,Ended,30.0,http://www.bbc.co.uk/programmes/b006xxvg,BBC Two,United Kingdom
1016,Fear Itself,English,"Drama, Horror",2008-06-05,Ended,60.0,,NBC,United States
1824,Fear the Walking Dead,English,"Drama, Action, Horror",2015-08-23,Ended,,https://www.amc.com/shows/fear-the-walking-dead--1002242,,
1402,Felicity,English,"Drama, Romance",1998-09-29,Ended,60.0,,The WB,United States
1879,Femme Fatales,English,"Crime, Thriller",2011-05-13,Ended,30.0,,Cinemax,United States
1636,Fifth Gear,English,,2002-04-08,Running,60.0,https://www.discoveryplus.com/gb/show/fifth-gear,Quest,United Kingdom
1194,Finding Bigfoot,English,,2011-05-30,Ended,60.0,http://www.animalplanet.com/tv-shows/finding-bigfoot/,Animal Planet,United States
1780,Finding Carter,English,"Drama, Family",2014-07-08,Ended,60.0,http://www.mtv.com/shows/finding-carter/,MTV,United States
1569,Fire in the Hole,English,,2015-01-21,Ended,60.0,http://www.discovery.com/tv-shows/fire-in-the-hole/,Discovery,United States
180,Firefly,English,"Drama, Adventure, Science-Fiction",2002-09-20,Ended,60.0,,FOX,United States
1649,First Wave,English,"Drama, Science-Fiction",1998-09-09,Ended,60.0,,Syfy,United States
999,Flash Gordon,English,Science-Fiction,2007-08-10,Ended,60.0,,Syfy,United States
458,FlashForward,English,"Drama, Crime, Science-Fiction",2009-09-24,Ended,60.0,,ABC,United States
780,Flashpoint,English,"Action, Adventure, Crime",2008-07-11,Ended,60.0,https://www.ctv.ca/shows/flashpoint,CTV,Canada
1532,Fleming: The Man Who Would Be Bond,English,"Drama, Action, Espionage",2014-01-29,Ended,60.0,,BBC America,United States
994,Flight of the Conchords,English,"Comedy, Music",2007-06-17,Ended,,http://www.hbo.com/flight-of-the-conchords,HBO,United States
1376,Flikken,Dutch,"Drama, Action, Crime",1999-10-17,Ended,50.0,,VRT 1,Belgium
1816,Flipping Ships,English,,2015-04-24,Ended,60.0,http://www.animalplanet.com/tv-shows/flipping-ships/,Animal Planet,United States
1421,Flying Wild Alaska,English,"Adventure, Family",2011-01-14,Ended,60.0,,Discovery,United States
1682,FM,English,Comedy,2009-02-25,Ended,30.0,,ITV2,United Kingdom
633,Food Truck Face Off,English,,2014-09-28,Ended,60.0,,Food Network,United States
1271,Forbrydelsen,Danish,"Drama, Crime, Mystery",2007-01-07,Ended,60.0,,DR1,Denmark
46,Forever,English,"Drama, Crime, Supernatural",2014-09-22,Ended,60.0,http://abc.go.com/shows/forever,ABC,United States
1366,Fortitude,English,"Science-Fiction, Thriller, Mystery",2015-01-29,Ended,,https://www.sky.com/watch/channel/sky-atlantic/fortitude,,
1990,Four Kings,English,"Drama, Family",2006-01-05,Ended,30.0,,NBC,United States
1272,Foyle's War,English,"Drama, Crime",2002-10-27,Ended,120.0,,ITV1,United Kingdom
1348,Framework,English,,2015-01-06,Ended,60.0,,Paramount Network,United States
1076,Frank Herbert's Children of Dune,English,"Drama, Science-Fiction",2003-03-16,Ended,88.0,,Syfy,United States
1101,Frank Herbert's Dune,English,"Drama, Science-Fiction",2000-12-03,Ended,100.0,,Syfy,United States
280,Franklin & Bash,English,"Drama, Comedy, Legal",2011-06-01,Ended,60.0,,TNT,United States
540,Frasier,English,Comedy,1993-09-16,Ended,30.0,,NBC,United States
755,Freaks and Geeks,English,"Drama, Comedy",1999-09-25,Ended,60.0,,NBC,United States
1998,Freddie,English,Comedy,2005-10-12,Ended,30.0,,ABC,United States
1650,Fresh Meat,English,"Drama, Comedy",2011-09-21,Ended,50.0,http://www.channel4.com/programmes/fresh-meat,Channel 4,United Kingdom
732,Fresh Off the Boat,English,Comedy,2015-02-04,Ended,30.0,http://abc.go.com/shows/fresh-off-the-boat,ABC,United States
1789,Friday Night Dinner,English,"Comedy, Family",2011-02-25,Ended,35.0,http://www.channel4.com/programmes/friday-night-dinner,Channel 4,United Kingdom
781,Friday Night Lights,English,"Drama, Sports",2006-10-03,Ended,60.0,https://www.nbc.com/friday-night-lights,NBC,United States
1683,Friday Night with Jonathan Ross,English,"Comedy, Music",2001-11-02,Ended,60.0,http://www.bbc.co.uk/programmes/b006m99d,BBC One,United Kingdom
431,Friends,English,"Comedy, Romance",1994-09-22,Ended,30.0,,NBC,United States
647,Friends of the People,English,Comedy,2014-10-28,Ended,30.0,http://www.trutv.com/shows/friends-of-the-people/index.html,truTV,United States
1552,Friends to Lovers?,English,Romance,2015-01-12,Ended,60.0,http://www.bravotv.com/friends-to-lovers,Bravo,United States
947,Friends with Benefits,English,"Comedy, Romance",2011-08-05,Ended,30.0,,NBC,United States
158,Fringe,English,"Drama, Action, Science-Fiction",2008-09-09,Ended,60.0,,FOX,United States
105,From Dusk Till Dawn: The Series,English,"Action, Crime, Horror",2014-03-11,Ended,60.0,http://www.elreynetwork.com/originals/from-dusk-till-dawn-s3,El Rey Network,United States
1837,Frontline,English,Drama,1983-01-17,Running,60.0,http://www.pbs.org/wgbh/frontline/,PBS,United States
1251,Full House,English,"Comedy, Family",1987-09-18,Ended,30.0,,ABC,United States
837,Full Throttle Saloon,English,,2009-11-10,Ended,60.0,https://web.archive.org/web/20141011022153/http://www.trutv.com/shows/full-throttle-saloon/index.html,Destination America,United States
1591,Funny Girls,English,Comedy,2015-04-07,Ended,60.0,http://www.oxygen.com/funny-girls,Oxygen True Crime,United States
538,Futurama,English,"Comedy, Adventure, Science-Fiction",1999-03-28,Running,,https://www.hulu.com/series/futurama-85bf4cc1-cd8b-4469-ad87-7289217a0b74,,
1700,Física o Química,Spanish,Drama,2008-02-04,Ended,90.0,,Antena 3,Spain
610,Galavant,English,"Comedy, Fantasy, Music",2015-01-04,Ended,30.0,http://abc.go.com/shows/galavant,ABC,United States
82,Game of Thrones,English,"Drama, Adventure, Fantasy",2011-04-17,Ended,60.0,http://www.hbo.com/game-of-thrones,HBO,United States
1239,Gang Related,English,"Drama, Action, Crime",2014-05-22,Ended,60.0,,FOX,United States
958,Gangland,English,Crime,2007-11-01,Ended,60.0,,History,United States
1581,Gangland Undercover,English,"Drama, Crime",2015-02-24,Ended,60.0,http://www.history.ca/gangland-undercover/,History,Canada
1899,Gantz,Japanese,"Adventure, Anime, Horror, Science-Fiction",2004-04-12,Ended,30.0,,Fuji TV,Japan
1383,Garfunkel and Oates,English,"Comedy, Music",2014-08-07,Ended,30.0,,IFC,United States
1898,Gargoyles,English,"Action, Adventure, Fantasy",1994-10-24,Ended,30.0,,ABC,United States
1949,Garth Marenghi's Darkplace,English,"Comedy, Horror, Science-Fiction",2004-01-29,Ended,25.0,http://www.channel4.com/programmes/garth-marenghis-darkplace,Channel 4,United Kingdom
1140,Gates,English,Comedy,2012-08-14,Ended,30.0,,Sky Witness,United Kingdom
236,GCB,English,"Drama, Comedy, Romance",2012-03-04,Ended,60.0,http://abc.go.com/shows/gcb,ABC,United States
1240,Generation Kill,English,"Drama, War",2008-07-13,Ended,60.0,http://www.hbo.com/generation-kill,HBO,United States
842,Geordie Shore,English,"Drama, Comedy",2011-05-24,Running,60.0,http://www.mtv.co.uk/geordie-shore,MTV,United Kingdom
873,George Clarke's Amazing Spaces,English,DIY,2012-10-23,Running,60.0,http://www.channel4.com/programmes/george-clarkes-amazing-spaces,Channel 4,United Kingdom
141,Getting On,English,"Comedy, Medical",2013-11-24,Ended,30.0,http://www.hbo.com/getting-on,HBO,United States
926,Ghost Adventures,English,Supernatural,2008-10-17,Running,,https://go.discovery.com/show/ghost-adventures-travel-channel,,
585,Ghost Hunters,English,Supernatural,2004-10-06,To Be Determined,60.0,https://www.syfy.com/ghost-hunters/photos,Travel Channel,United States
1935,Ghost in the Shell: Stand Alone Complex,Japanese,"Action, Anime, Science-Fiction, Thriller",2002-10-01,Ended,30.0,,Animax,Japan
566,Ghost Whisperer,English,"Drama, Fantasy",2005-09-23,Ended,60.0,,CBS,United States
1545,Ghosts in My House,English,Supernatural,2015-02-08,Ended,60.0,,Destination America,United States
525,Gilmore Girls,English,"Drama, Comedy, Romance",2000-10-05,Ended,60.0,,The CW,United States
1877,Girl Code Live,English,Comedy,2015-08-31,Ended,30.0,,MTV,United States
252,Girl Meets World,English,"Drama, Comedy, Family",2014-06-27,Ended,30.0,http://disneychannel.disney.com/girl-meets-world,Disney Channel,United States
906,Girlfriends,English,"Comedy, Romance",2000-09-11,Ended,30.0,,The CW,United States
637,Girlfriends' Guide to Divorce,English,"Drama, Comedy, Romance",2014-12-02,Ended,60.0,http://www.bravotv.com/girlfriends-guide-to-divorce,Bravo,United States
139,Girls,English,"Drama, Romance",2012-04-15,Ended,30.0,http://www.hbo.com/girls,HBO,United States
8,Glee,English,"Drama, Music, Romance",2009-05-19,Ended,60.0,http://www.fox.com/glee,FOX,United States
258,Glue,English,Drama,2014-09-15,Ended,60.0,http://www.channel4.com/programmes/glue,E4,United Kingdom
230,Go On,English,Comedy,2012-08-08,Ended,30.0,,NBC,United States
1651,"God, The Devil and Bob",English,Comedy,2000-03-09,Ended,30.0,,NBC,United States
603,Godfather of Pittsburgh,English,,2014-11-10,Ended,60.0,,A&E,United States
1843,Golan the Insatiable,English,Comedy,2013-11-23,Ended,15.0,http://www.fox.com/golan-the-insatiable/,FOX,United States
702,Gold Rush,English,"Action, Adventure, Nature",2010-12-03,Running,60.0,https://go.discovery.com/show/gold-rush-discovery,Discovery,United States
1241,Golden Boy,English,"Drama, Crime",2013-02-26,Ended,60.0,,CBS,United States
1471,"Gomer Pyle, U.S.M.C.",English,Comedy,1964-09-25,Ended,30.0,,CBS,United States
979,Good Eats,English,Food,1999-07-07,Ended,30.0,https://www.foodnetwork.com/shows/good-eats,Food Network,United States
759,Good Luck Charlie,English,"Comedy, Family",2010-04-04,Ended,30.0,,Disney Channel,United States
1472,Good Times,English,"Comedy, Family",1974-02-08,Ended,30.0,,CBS,United States
1177,Good Witch,English,"Family, Romance, Mystery",2008-01-18,Ended,60.0,http://www.hallmarkchannel.com/good-witch,Hallmark Channel,United States
1743,Good Work,English,,2015-04-14,Ended,60.0,http://www.eonline.com/uk/shows/good_work,E!,United States
1718,Goodness Gracious Me,English,Comedy,1998-01-12,Ended,30.0,http://www.bbc.co.uk/programmes/b007xm15,BBC Two,United Kingdom
1247,Gooische Vrouwen,Dutch,"Drama, Romance",2005-10-30,Ended,60.0,,RTL4,Netherlands
567,Gossip Girl,English,"Drama, Romance",2007-09-19,Ended,60.0,,The CW,United States
11,Gotham,English,"Drama, Action, Crime",2014-09-22,Ended,60.0,http://www.fox.com/gotham,FOX,United States
1595,Grace and Frankie,English,Comedy,2015-05-08,Ended,,https://www.netflix.com/title/80017537,,
205,Graceland,English,"Drama, Action, Crime",2013-06-06,Ended,60.0,http://www.usanetwork.com/graceland,USA Network,United States
110,Gracepoint,English,"Drama, Crime, Mystery",2014-10-02,Ended,60.0,,FOX,United States
1548,Grantchester,English,"Drama, Crime, Mystery",2014-10-06,Running,,https://www.pbs.org/wgbh/masterpiece/shows/grantchester/,,
1635,Graveyard Carz,English,,2012-06-14,Running,60.0,https://go.discovery.com/show/graveyard-carz-motortrend-atve-us,MotorTrend,United States
396,Gravity Falls,English,"Adventure, Mystery, Supernatural",2012-06-15,Ended,30.0,,Disney XD,United States
899,Great Continental Railway Journeys,English,Travel,2012-11-08,Running,30.0,http://www.bbc.co.uk/programmes/b01rdqn7,BBC Two,United Kingdom
1652,Great Expectations,English,"Drama, Romance",2011-12-27,Ended,40.0,http://www.bbc.co.uk/programmes/b018wmhr,BBC One,United Kingdom
788,GREEK,English,"Drama, Comedy",2007-07-09,Ended,60.0,http://freeform.go.com/shows/greek,Freeform,United States
67,Grey's Anatomy,English,"Drama, Romance, Medical",2005-03-27,Running,60.0,https://abc.com/shows/greys-anatomy/,ABC,United States
10,Grimm,English,"Drama, Crime, Supernatural",2011-10-28,Ended,60.0,http://www.nbc.com/grimm,NBC,United States
354,Ground Floor,English,Comedy,2013-11-14,Ended,30.0,,TBS,United States
1473,Grounded for Life,English,Comedy,2001-01-10,Ended,30.0,,The WB,United States
782,Gunsmoke,English,"Action, Adventure, Western",1955-09-10,Ended,60.0,,CBS,United States
1450,Hack My Life,English,,2015-01-06,Ended,30.0,http://www.trutv.com/shows/hack-my-life/index.html,truTV,United States
1452,Hacking the System,English,,2015-01-19,Running,30.0,,National Geographic,United States
599,Hair Jacked,English,,2014-10-27,Ended,30.0,,truTV,United States
1017,Halo 4: Forward Unto Dawn,English,"Action, Science-Fiction",2012-10-05,Ended,15.0,,,
545,Halo: Nightfall,English,"Action, Adventure, Science-Fiction",2014-11-11,Ended,30.0,,,
191,Halt and Catch Fire,English,Drama,2014-06-01,Ended,60.0,http://www.amc.com/shows/halt-and-catch-fire,AMC,United States
1999,Hank,English,Comedy,2009-09-30,Ended,30.0,,ABC,United States
777,Hannah Montana,English,"Comedy, Family, Music",2006-03-24,Ended,30.0,,Disney Channel,United States
194,Hannibal,English,"Drama, Crime, Horror",2013-04-04,Ended,60.0,http://www.nbc.com/hannibal,NBC,United States
1520,Happily Divorced,English,Comedy,2011-06-15,Ended,30.0,,TV Land,United States
1474,Happy Days,English,Comedy,1974-01-15,Ended,30.0,,ABC,United States
574,Happy Endings,English,Comedy,2011-04-13,Ended,30.0,,ABC,United States
1991,Happy Hour,English,Comedy,2006-09-07,Ended,30.0,,FOX,United States
1005,Happy Town,English,"Drama, Crime, Mystery",2010-04-28,Ended,60.0,,ABC,United States
286,Happy Valley,English,"Drama, Crime",2014-04-29,Ended,,http://www.bbc.co.uk/programmes/b06zqjpj,BBC One,United Kingdom
1735,Happyish,English,"Drama, Comedy",2015-04-26,Ended,30.0,http://www.sho.com/sho/happyish/home,Paramount+ with Showtime,United States
222,Happyland,English,"Drama, Comedy",2014-09-30,Ended,60.0,,MTV,United States
891,Hard Knocks,English,Sports,2001-08-01,Running,60.0,https://www.hbo.com/hard-knocks,HBO,United States
859,Hardcore Pawn,English,,2010-08-16,Ended,30.0,,truTV,United States
459,Harper's Island,English,"Horror, Thriller, Mystery",2009-04-09,Ended,60.0,,CBS,United States
579,Harry's Law,English,"Drama, Legal",2011-01-17,Ended,60.0,,NBC,United States
487,Harsh Realm,English,"Drama, Action, Science-Fiction",1999-10-08,Ended,60.0,,FOX,United States
301,Hart of Dixie,English,"Drama, Comedy, Romance",2011-09-26,Ended,60.0,,The CW,United States
1729,Harvey Beaks,English,"Comedy, Family, Fantasy",2015-03-29,Ended,15.0,http://www.nick.com/harvey-beaks/,Nicktoons,United States
1810,"Harvey Birdman, Attorney at Law",English,"Comedy, Science-Fiction, Legal",2000-12-30,Ended,15.0,http://www.adultswim.com/videos/harvey-birdman-attorney-at-law/,Adult Swim,United States
1102,Hatfields & McCoys,English,"Drama, Romance, Western",2012-05-28,Ended,120.0,https://www.history.com/shows/hatfields-and-mccoys,History,United States
1600,Have I Got News for You,English,Comedy,1990-09-29,Running,30.0,http://www.bbc.co.uk/programmes/b006mkw3,BBC One,United Kingdom
90,Haven,English,"Drama, Crime, Supernatural",2010-07-09,Ended,60.0,http://www.syfy.com/haven,Syfy,United States
24,Hawaii Five-0,English,"Drama, Action, Crime",2010-09-20,Ended,60.0,http://www.cbs.com/shows/hawaii_five_0/,CBS,United States
962,Hawaii Five-O,English,"Action, Adventure, Crime",1968-09-20,Ended,60.0,,CBS,United States
965,Hawthorne,English,Drama,2009-06-16,Ended,60.0,,TNT,United States
1033,Hay alguien ahí,Spanish,"Thriller, Supernatural",2009-03-16,Ended,75.0,,Cuatro,Spain
34,Helix,English,"Horror, Science-Fiction, Thriller",2014-01-10,Ended,60.0,,Syfy,United States
74,Hell on Wheels,English,"Drama, Action, Western",2011-11-06,Ended,60.0,http://www.amctv.com/shows/hell-on-wheels,AMC,United States
253,Hell's Kitchen,English,Food,2005-05-30,Running,60.0,https://www.fox.com/hells-kitchen,FOX,United States
987,Hellcats,English,"Drama, Comedy",2010-09-08,Ended,60.0,,The CW,United States
192,Hello Ladies,English,Comedy,2013-09-29,Ended,30.0,http://www.hbo.com/hello-ladies,HBO,United States
25,Hellsing,Japanese,"Anime, Horror, Supernatural",2001-10-10,Ended,30.0,,Fuji TV,Japan
26,Hellsing Ultimate,Japanese,"Drama, Action, Anime, Horror",2006-02-10,Ended,50.0,,TBS,Japan
33,Hemlock Grove,English,"Drama, Horror, Thriller",2013-04-19,Ended,,https://www.netflix.com/title/70242310,,
594,Henry Danger,English,"Comedy, Family, Science-Fiction",2014-07-26,Ended,30.0,http://www.nick.com/henry-danger/,Nickelodeon,United States
905,Hercules: The Legendary Journeys,English,"Action, Adventure, Fantasy",1994-05-05,Ended,60.0,,Syndication,United States
1435,Herman Wouk's The Winds of War,English,"Drama, Romance, War",1983-02-06,Ended,120.0,,ABC,United States
1433,Herman Wouk's War and Remembrance,English,"Drama, Romance, War",1988-11-13,Ended,120.0,,ABC,United States
134,Heroes,English,"Drama, Action, Science-Fiction",2006-09-25,Ended,60.0,,NBC,United States
1777,Heroes of Aviation,English,,2006-04-15,Ended,55.0,,,
1319,Heroes of Cosplay,English,,2013-08-13,Ended,60.0,,Syfy,United States
1415,Heroes Reborn,English,"Drama, Action, Science-Fiction",2015-09-24,Ended,60.0,http://www.nbc.com/heroes-reborn,NBC,United States
844,Heroes Unmasked,English,Science-Fiction,2007-07-25,Ended,15.0,http://www.bbc.co.uk/programmes/b007vzls,BBC Two,United Kingdom
1911,Highlander,English,"Drama, Action, Fantasy",1992-10-03,Ended,60.0,,Syndication,United States
1653,Highlander: The Animated Series,English,"Action, Adventure, Fantasy",1994-10-16,Ended,30.0,,USA Network,United States
1912,Highlander: The Raven,English,"Drama, Action, Fantasy",1998-09-26,Ended,60.0,,Syndication,United States
1994,Him & Her,English,Comedy,2010-09-06,Ended,30.0,http://www.bbc.co.uk/programmes/p00kqnzv,BBC Three,United Kingdom
624,Hindsight,English,"Drama, Comedy, Science-Fiction",2015-01-07,Ended,60.0,http://www.vh1.com/shows/hindsight,VH1,United States
1242,Hit & Miss,English,"Drama, Action, Crime",2012-05-22,Ended,60.0,http://go.sky.com/tvboxsets/series/content/series/d03fc67462657310VgnVCM1000000b43150a____,Sky Atlantic,United Kingdom
322,Hit the Floor,English,"Drama, Romance, Sports",2013-05-27,Ended,60.0,https://www.bet.com/shows/hit-the-floor/,BET,United States
640,Hitler the Junkie,English,"Drama, War",2014-12-14,Ended,60.0,,National Geographic,United States
1475,Hogan's Heroes,English,"Comedy, Action, War",1965-09-17,Ended,30.0,,CBS,United States
1215,Hollands Hoop,Dutch,"Drama, Crime",2014-09-27,Ended,50.0,http://www.hollandshoop.nl/,NPO 3,Netherlands
1320,Hollywood Game Night,English,Comedy,2013-07-11,Ended,60.0,http://www.nbc.com/hollywood-game-night,NBC,United States
983,Hollywood Heights,English,"Drama, Music, Romance",2012-06-11,Ended,60.0,,nick@nite,United States
544,Home Improvement,English,"Comedy, Family",1991-09-17,Ended,30.0,,ABC,United States
7,Homeland,English,"Drama, Thriller, Espionage",2011-10-02,Ended,60.0,http://www.sho.com/sho/homeland/home,Paramount+ with Showtime,United States
830,Homicide: Life on the Street,English,"Drama, Crime, Mystery",1993-01-31,Ended,60.0,,NBC,United States
1901,Honey West,English,"Drama, Action, Crime",1965-09-17,Ended,30.0,,ABC,United States
1632,Horatio Hornblower,English,"Drama, Action, Adventure",1998-10-07,Ended,120.0,https://itvstudios.com/programmes/hornblower,ITV1,United Kingdom
217,Hostages,English,"Drama, Thriller",2013-09-23,Ended,60.0,,CBS,United States
1726,Hot GRITS,English,,2015-03-25,Running,60.0,http://www.vh1.com/shows/hot-grits/series.jhtml,VH1,United States
346,Hot in Cleveland,English,Comedy,2010-06-16,Ended,30.0,http://www.tvland.com/shows/hot-in-cleveland,TV Land,United States
829,Hotel Impossible,English,Travel,2012-04-09,Ended,60.0,http://www.travelchannel.com/shows/hotel-impossible,Travel Channel,United States
1243,Houdini,English,Drama,2014-09-01,Ended,120.0,,History,United States
118,House,English,"Drama, Mystery, Medical",2004-11-16,Ended,60.0,,FOX,United States
966,House of Anubis,English,"Drama, Fantasy, Mystery",2011-01-01,Ended,30.0,,Nickelodeon,United States
175,House of Cards,English,"Drama, Thriller",2013-02-01,Ended,,https://www.netflix.com/title/70178217,,
145,House of Lies,English,"Drama, Comedy",2012-01-08,Ended,30.0,http://www.sho.com/sho/house-of-lies/home,Paramount+ with Showtime,United States
171,How I Met Your Mother,English,"Drama, Comedy, Romance",2005-09-19,Ended,30.0,,CBS,United States
767,How It's Made,English,,2001-01-06,Ended,30.0,https://www.discovery.ca/Discovery-Science/How-It-s-Made,USA Network,Canada
872,How It's Made: Dream Cars,English,"Nature, History, Sports",2013-06-13,Ended,,http://www.velocity.com/tv-shows/how-its-made-dream-cars/,Science,United States
1684,How to Be a Gentleman,English,Comedy,2011-09-29,Ended,30.0,,CBS,United States
52,How to Get Away with Murder,English,"Drama, Thriller, Legal",2014-09-25,Ended,60.0,http://abc.go.com/shows/how-to-get-away-with-murder,ABC,United States
1244,How to Live with Your Parents (for the Rest of Your Life),English,Comedy,2013-04-03,Ended,30.0,,ABC,United States
1210,How to Make It in America,English,"Drama, Comedy",2010-02-14,Ended,30.0,https://www.hbo.com/how-to-make-it-in-america,HBO,United States
1654,Human Planet,English,Nature,2011-01-13,Ended,60.0,http://www.bbc.co.uk/programmes/b00llpvp,BBC One,United Kingdom
163,Human Target,English,"Action, Adventure, Crime",2010-01-17,Ended,60.0,,FOX,United States
1363,Humans,English,"Drama, Science-Fiction, Thriller",2015-06-14,Ended,60.0,http://www.channel4.com/programmes/humans,Channel 4,United Kingdom
820,Hung,English,"Drama, Comedy",2009-06-28,Ended,30.0,http://www.hbo.com/hung,HBO,United States
392,Hunted,English,"Drama, Action, Thriller",2012-10-04,Ended,60.0,http://www.bbc.co.uk/programmes/p00vndpl,BBC One,United Kingdom
1537,Hunter x Hunter,Japanese,"Action, Adventure, Anime, Fantasy",1999-10-16,Ended,30.0,,Fuji TV,Japan
1536,Hunter x Hunter,Japanese,"Action, Adventure, Anime, Fantasy",2011-10-02,Ended,25.0,https://www.ntv.co.jp/english/pc/2011/08/hunter-x-hunter.html,NTV,Japan
1984,Husbands,English,"Drama, Comedy",2011-09-13,Ended,2.0,http://www.cwseed.com/shows/husbands/,,
833,Hustle,English,"Drama, Crime, Thriller",2004-02-24,Ended,60.0,http://www.bbc.co.uk/programmes/b007gf9k,BBC One,United Kingdom
1818,I Can Do That,English,Comedy,2015-05-26,Ended,60.0,http://www.nbc.com/i-can-do-that,NBC,United States
1992,I Just Want My Pants Back,English,Comedy,2011-08-28,Ended,30.0,,MTV,United States
1182,I'd Kill for You,English,"Drama, Crime, Mystery",2013-11-02,Ended,60.0,https://www.investigationdiscovery.com/tv-shows/id-kill-for-you/,Investigation Discovery,United States
849,"I'm a Celebrity, Get Me Out of Here!",English,,2002-08-25,Running,,http://www.itv.com/imacelebrity,ITV1,United Kingdom
1104,"I, Claudius",English,"Drama, History",1976-09-20,Ended,50.0,http://www.bbc.co.uk/programmes/b006mhmk,BBC Two,United Kingdom
808,iCarly,English,"Comedy, Children, Family",2007-09-08,Ended,30.0,http://www.nick.com/icarly/,Nickelodeon,United States
1343,Ice Cold Killers,English,"Drama, Crime, Thriller",2012-01-25,Ended,60.0,http://www.investigationdiscovery.com/tv-shows/ice-cold-killers/,Investigation Discovery,United States
824,Ice Road Truckers,English,"Drama, Action",2007-06-17,Running,60.0,http://www.history.com/shows/ice-road-truckers,History,United States
1926,"Ima, Soko ni Iru Boku",Japanese,"Drama, Action, Anime, Science-Fiction",1999-10-14,Ended,30.0,,WOWOW,Japan
1273,Important Things with Demetri Martin,English,Comedy,2009-02-11,Ended,30.0,,Comedy Central,United States
1139,Impractical Jokers,English,Comedy,2011-12-15,Running,24.0,http://www.trutv.com/shows/impractical-jokers/index.html,TBS,United States
1105,In a Land of Plenty,English,Drama,2001-01-10,Ended,50.0,,BBC One,United Kingdom
810,In Plain Sight,English,"Drama, Action, Crime",2008-06-01,Ended,60.0,,USA Network,United States
1476,In Search of.....,English,"Mystery, History, Supernatural",1977-04-17,Ended,30.0,,Syndication,United States
669,In the Flesh,English,"Drama, Horror, Supernatural",2013-03-17,Ended,60.0,http://www.bbc.co.uk/programmes/b042ckss,BBC Three,United Kingdom
843,In Treatment,English,"Drama, Medical",2008-01-28,Ended,30.0,https://www.hbo.com/in-treatment,HBO,United States
1704,Inhumans,English,Science-Fiction,2014-04-23,Ended,15.0,,Syndication,United States
1321,Ink Master,English,,2012-01-17,To Be Determined,,http://www.paramountnetwork.com/shows/ink-master,,
1574,Insane Pools: Off the Deep End,English,,2015-02-20,Ended,60.0,,Animal Planet,United States
327,Inside Amy Schumer,English,Comedy,2013-04-30,Ended,,https://www.paramountplus.com/shows/inside-amy-schumer/,,
1655,Inside Men,English,"Drama, Action, Crime",2012-02-02,Ended,55.0,https://www.bbc.co.uk/programmes/b01bpkjl,BBC One,United Kingdom
374,Inside No. 9,English,"Comedy, Thriller, Supernatural",2014-02-05,Ended,30.0,http://www.bbc.co.uk/programmes/b05p650r,BBC Two,United Kingdom
533,Instant Mom,English,"Comedy, Family",2013-09-29,Ended,30.0,,TV Land,United States
187,Intelligence,English,"Action, Science-Fiction",2014-01-07,Ended,60.0,,CBS,United States
1533,Into the West,English,"Drama, Action, Adventure",2005-06-10,Ended,60.0,,TNT,United States
37,Intruders,English,"Drama, Fantasy, Thriller",2014-08-23,Ended,60.0,http://www.bbc.co.uk/programmes/b04nf78f,BBC America,United States
409,Invader ZIM,English,Children,2001-03-30,Ended,30.0,,Nickelodeon,United States
1477,Invasion,English,"Science-Fiction, Thriller, Supernatural",2005-09-21,Ended,60.0,,ABC,United States
1428,IRIS,Korean,"Drama, Action, Espionage",2009-10-14,Ended,60.0,http://www.kbs.co.kr/drama/iris2/,KBS2,"Korea, Republic of"
1426,Iris,Dutch,Drama,1992-09-28,Ended,45.0,,NPO 1,Netherlands
1754,Ironside,English,"Drama, Crime",1967-03-28,Ended,60.0,,NBC,United States
1245,Ironside,English,"Drama, Action, Crime",2013-10-02,Ended,60.0,,NBC,United States
1483,Irwin Allen's Lost in Space,English,"Drama, Adventure, Science-Fiction",1965-09-15,Ended,60.0,,CBS,United States
1576,It's a Mann's World,English,,2015-01-14,Ended,30.0,https://www.bet.com/shows/its-a-manns-world.html,BET,United States
347,It's Always Sunny in Philadelphia,English,Comedy,2005-08-04,Running,30.0,http://www.fxnetworks.com/shows/its-always-sunny-in-philadelphia,FXX,United States
1589,iZombie,English,"Drama, Crime, Horror",2015-03-17,Ended,60.0,http://www.cwtv.com/shows/izombie,The CW,United States
1274,Ja'mie: Private School Girl,English,Comedy,2013-10-23,Ended,30.0,,ABC,Australia
1107,Jack & Jill,English,"Drama, Comedy",1999-09-26,Ended,60.0,,The WB,United States
982,Jack of All Trades,English,"Comedy, Action, Adventure",2000-01-22,Ended,30.0,,Syndication,United States
581,JAG,English,"Drama, Crime, Legal",1995-09-23,Ended,60.0,,CBS,United States
408,Jane by Design,English,"Drama, Comedy",2012-01-03,Ended,60.0,,Freeform,United States
128,Jane the Virgin,English,"Drama, Crime, Romance",2014-10-13,Ended,60.0,http://www.cwtv.com/shows/jane-the-virgin,The CW,United States
693,Jeeves & Wooster,English,Comedy,1990-04-22,Ended,60.0,,ITV1,United Kingdom
1108,Jekyll,English,"Drama, Horror, Science-Fiction",2007-06-16,Ended,60.0,http://www.bbc.co.uk/drama/jekyll/,BBC One,United Kingdom
1478,Jeremiah,English,"Drama, Adventure, Science-Fiction",2002-03-03,Ended,60.0,,Paramount+ with Showtime,United States
795,Jericho,English,"Drama, Action, Science-Fiction",2006-09-20,Ended,60.0,,CBS,United States
801,Jersey Shore,English,,2009-12-03,Ended,60.0,http://www.mtv.com/shows/jersey-shore,MTV,United States
514,Jessie,English,Comedy,2011-09-30,Ended,30.0,http://disneychannel.disney.com/jessie,Disney Channel,United States
1388,Jimmy Kimmel Live,English,Comedy,2003-01-26,Running,60.0,https://abc.com/shows/jimmy-kimmel-live,ABC,United States
660,Joey,English,"Comedy, Romance",2004-09-09,Ended,30.0,,NBC,United States
1275,John Adams,English,"Drama, History",2008-03-16,Ended,70.0,https://www.hbo.com/john-adams,HBO,United States
1276,John from Cincinnati,English,Drama,2007-06-10,Ended,60.0,,HBO,United States
1277,Jonah from Tonga,English,Comedy,2014-05-07,Ended,30.0,,ABC,Australia
1753,Jonathan Creek,English,"Drama, Crime, Mystery",1997-05-10,Ended,60.0,http://www.bbc.co.uk/programmes/b008jg9q,BBC One,United Kingdom
1130,Journeyman,English,"Drama, Science-Fiction, Mystery",2007-09-24,Ended,60.0,,NBC,United States
1109,Judging Amy,English,"Drama, Family, Legal",1999-09-19,Ended,60.0,,CBS,United States
1742,Jump!,English,Sports,2015-04-10,Ended,60.0,,Lifetime,United States
1942,Junketsu No Maria,Japanese,"Comedy, Anime, Fantasy",2015-01-11,Ended,25.0,http://junketsu-maria.tv/,Tokyo MX,Japan
1480,Jurassic Fight Club,English,,2008-07-29,Ended,60.0,,History,United States
505,Justice League Unlimited,English,"Action, Adventure, Science-Fiction",2004-07-31,Ended,30.0,,Cartoon Network,United States
106,Justified,English,"Drama, Crime, Western",2010-03-16,Ended,60.0,,FX,United States
1113,K-Ville,English,Drama,2007-09-17,Ended,60.0,,FOX,United States
1631,K.C. Undercover,English,"Comedy, Action, Family",2015-01-18,Ended,,https://www.disneychannel.disney.com/kc-undercover,,
1566,Kart Life,English,Sports,2015-01-28,Ended,60.0,,truTV,United States
1384,Kate Plus 8,English,Family,2010-08-30,Ended,60.0,http://www.tlc.com/tv-shows/kate-plus-8/,TLC,United States
1809,Kath and Kim,English,Comedy,2002-05-16,Ended,30.0,,Seven Network,Australia
575,Keeping Up with the Kardashians,English,Drama,2007-10-14,Ended,60.0,http://www.eonline.com/shows/kardashians,E!,United States
1940,Kekkai Sensen,Japanese,"Action, Anime, Fantasy, Supernatural",2015-04-05,Ended,25.0,http://kekkaisensen.com/,MBS,Japan
1385,Kendra on Top,English,,2012-06-05,Ended,30.0,http://www.wetv.com/shows/kendra-on-top,WE tv,United States
257,Key & Peele,English,Comedy,2012-01-31,Ended,30.0,http://www.cc.com/shows/key-and-peele,Comedy Central,United States
1278,Kidnapped,English,"Crime, Thriller",2006-09-20,Ended,60.0,,NBC,United States
1549,Kids Baking Championship,English,"Children, Food",2015-02-02,Running,60.0,http://www.foodnetwork.com/shows/kids-baking-championship,Food Network,United States
754,Kill la Kill,Japanese,"Action, Adventure, Anime, Fantasy",2013-10-04,Ended,25.0,,MBS,Japan
1322,Killer Women,English,"Drama, Crime, Western",2014-01-07,Ended,60.0,,ABC,United States
1788,Killjoys,English,"Action, Adventure, Science-Fiction",2015-06-19,Ended,60.0,http://www.space.ca/show/killjoys/,CTV Sci-Fi Channel,Canada
1236,King & Maxwell,English,"Drama, Action, Crime",2013-06-10,Ended,60.0,,TNT,United States
115,King of the Hill,English,Comedy,1997-01-12,Running,,https://www.hulu.com/series/king-of-the-hill-52b8dd8a-eff2-4ed2-9b8d-7c0039df1c53,,
1396,King of the Nerds,English,,2013-01-17,Ended,60.0,,TBS,United States
214,Kingdom,English,"Drama, Family, Sports",2014-10-08,Ended,60.0,https://www.directvpr.com/english/kingdom,Audience Network,United States
1256,Kingdom Hospital,English,"Horror, Thriller, Medical",2004-03-03,Ended,60.0,,ABC,United States
1110,Kings,English,"Drama, Science-Fiction",2009-03-15,Ended,60.0,https://www.nbc.com/kings,NBC,United States
250,Kirby Buckets,English,Comedy,2014-10-20,Ended,30.0,http://disneyxd.disney.com/kirby-buckets,Disney XD,United States
1964,Kiseijuu: Sei no Kakuritsu,Japanese,"Action, Anime, Horror",2014-10-09,Ended,30.0,,NTV,Japan
629,Kitchen Inferno,English,Food,2014-11-05,Ended,60.0,,Food Network,United States
805,Kitchen Nightmares,English,Food,2007-09-19,Running,60.0,https://www.fox.com/kitchen-nightmares/,FOX,United States
1111,Klondike,English,"Drama, Adventure, History",2014-01-20,Ended,60.0,http://klondiketv.com/,Discovery,United States
451,Knight Rider,English,"Action, Adventure, Science-Fiction",2008-02-17,Ended,60.0,https://www.nbc.com/knight-rider,NBC,United States
825,Knight Rider,English,"Drama, Action, Crime",1982-09-26,Ended,60.0,,NBC,United States
1582,Kosher Soul,English,,2015-02-25,Ended,30.0,,Lifetime,United States
424,Kourtney & Khloe Take the Hamptons,English,,2014-11-02,Ended,60.0,,E!,United States
287,Kroll Show,English,Comedy,2013-01-16,Ended,30.0,,Comedy Central,United States
1147,Kröd Mändoon and the Flaming Sword of Fire,English,"Comedy, Action, Fantasy",2009-04-09,Ended,30.0,,Comedy Central,United States
800,Kyle XY,English,"Drama, Science-Fiction, Mystery",2006-06-26,Ended,60.0,,Freeform,United States
1481,L.A. Law,English,"Drama, Crime, Legal",1986-09-15,Ended,60.0,,NBC,United States
1701,La Chica de Ayer,Spanish,"Drama, Crime, Science-Fiction",2009-04-26,Ended,75.0,,Antena 3,Spain
561,La Femme Nikita,English,"Drama, Action, Thriller",1997-01-13,Ended,60.0,,USA Network,United States
936,LA Ink,English,,2007-08-07,Ended,60.0,,TLC,United States
1362,Lab Rats,English,"Comedy, Action, Science-Fiction",2012-02-27,Ended,30.0,http://disneyxd.disney.com/lab-rats,Disney XD,United States
1298,Lab Rats,English,Comedy,2008-07-10,Ended,30.0,http://www.bbc.co.uk/programmes/b00cngdg,BBC Two,United Kingdom
1904,Largo Winch,English,"Drama, Action, Crime",2001-09-07,Ended,60.0,,Syndication,United States
584,Las Vegas,English,"Drama, Crime",2003-09-22,Ended,60.0,,NBC,United States
390,Last Call with Carson Daly,English,,2002-01-08,Ended,30.0,https://www.nbc.com/last-call-with-carson-daly,NBC,United States
350,Last Comic Standing,English,Comedy,2003-06-10,Ended,60.0,http://www.nbc.com/last-comic-standing,NBC,United States
41,Last Man Standing,English,"Comedy, Family",2011-10-11,Ended,30.0,https://www.fox.com/last-man-standing/,FOX,United States
228,Last Resort,English,"Drama, Action, War",2012-09-27,Ended,60.0,,ABC,United States
1412,Last Tango in Halifax,English,"Drama, Comedy, Romance",2012-11-20,Ended,60.0,http://www.bbc.co.uk/programmes/b03h4107,BBC One,United Kingdom
263,Last Week Tonight with John Oliver,English,Comedy,2014-04-27,Running,30.0,http://www.hbo.com/last-week-tonight-with-john-oliver,HBO,United States
836,Late Night with Conan O'Brien,English,Comedy,1993-09-13,Ended,60.0,,NBC,United States
363,Late Night with Seth Meyers,English,Comedy,2014-02-24,Running,60.0,https://www.nbc.com/late-night-with-seth-meyers,NBC,United States
857,Later... with Jools Holland,English,Music,1992-10-08,Running,45.0,http://www.bbc.co.uk/programmes/b006ml0l,BBC Two,United Kingdom
1431,Lauren!,Dutch,,2014-12-01,Ended,35.0,http://www.avrotros.nl/lauren/home/,NPO 3,Netherlands
562,Law & Order,English,"Drama, Crime, Legal",1990-09-13,Running,60.0,https://www.nbc.com/law-order,NBC,United States
786,Law & Order: Criminal Intent,English,"Drama, Crime, Legal",2001-09-30,Ended,60.0,http://www.usanetwork.com/criminalintent/cast,USA Network,United States
867,Law & Order: LA,English,"Drama, Crime, Legal",2010-09-29,Ended,60.0,,NBC,United States
103,Law & Order: Special Victims Unit,English,"Drama, Crime, Legal",1999-09-20,Running,60.0,http://www.nbc.com/law-and-order-special-victims-unit,NBC,United States
1262,Law & Order: UK,English,"Drama, Crime, Legal",2009-02-23,Ended,60.0,,ITV1,United Kingdom
1870,Leepu & Pitbull,English,,2015-06-23,Ended,60.0,,History,United States
1018,Legend of Earthsea,English,"Drama, Adventure, Fantasy",2004-12-13,Ended,90.0,,Syfy,United States
461,Legend of the Seeker,English,"Action, Adventure, Fantasy",2008-11-01,Ended,60.0,,Syndication,United States
54,Legends,English,"Drama, Crime, Thriller",2014-08-13,Ended,60.0,http://www.tntdrama.com/shows/legends.html,TNT,United States
1857,Lekker Nederlands,Dutch,"Comedy, Music",2015-04-18,Ended,90.0,http://www.sbs6.nl/programmas/lekker-nederlands/,SBS 6,Netherlands
1168,Les Revenants,French,"Drama, Fantasy, Horror",2012-11-26,Ended,60.0,http://lesrevenants.canalplus.fr/,Canal+,France
1169,Les Rois Maudits,French,"Drama, History",2005-11-07,Ended,90.0,,France 2,France
662,Leverage,English,"Drama, Action, Crime",2008-12-07,Ended,60.0,,TNT,United States
1656,Lexx,English,"Drama, Horror, Science-Fiction",1997-04-18,Ended,60.0,,CTV Sci-Fi Channel,Canada
520,Lie to Me,English,"Drama, Crime, Mystery",2009-01-21,Ended,60.0,,FOX,United States
1035,Life,English,"Drama, Crime",2007-09-26,Ended,60.0,,NBC,United States
1280,Life,English,Nature,2009-10-12,Ended,60.0,http://www.bbc.co.uk/programmes/b00lbpcy,BBC One,United Kingdom
1148,Life As We Know It,English,"Drama, Comedy",2004-10-07,Ended,60.0,,ABC,United States
1150,Life As We Know It,English,Comedy,2001-07-22,Ended,30.0,,BBC One,United Kingdom
1449,Life Below Zero°,English,Nature,2013-05-19,Running,60.0,https://www.nationalgeographic.com/tv/shows/life-below-zero,National Geographic,United States
391,Life Is Toff,English,,2014-10-28,Ended,30.0,http://www.bbc.co.uk/programmes/b04n64wm,BBC Three,United Kingdom
850,Life on Mars,English,"Drama, Crime, Science-Fiction",2006-01-09,Ended,60.0,http://www.bbc.co.uk/programmes/b006t85s,BBC One,United Kingdom
945,Life on Mars,English,"Drama, Crime, Fantasy",2008-10-09,Ended,60.0,,ABC,United States
993,Life Unexpected,English,"Drama, Family",2010-01-18,Ended,60.0,,The CW,United States
423,Life's Too Short,English,Comedy,2011-11-10,Ended,30.0,http://www.bbc.co.uk/programmes/b017cj76,BBC Two,United Kingdom
1757,Lightfields,English,"Drama, Supernatural",2013-02-27,Ended,60.0,,ITV1,United Kingdom
1025,Lights Out,English,"Drama, Crime, Sports",2011-01-11,Ended,60.0,,FX,United States
708,Lilyhammer,English,"Drama, Comedy, Crime",2012-01-25,Ended,45.0,https://tv.nrk.no/serie/lilyhammer,NRK1,Norway
353,Line of Duty,English,"Drama, Crime, Thriller",2012-06-26,To Be Determined,60.0,http://www.bbc.co.uk/programmes/p00yzlr0,BBC One,United Kingdom
1961,Line of Fire,English,"Drama, Crime",2003-12-02,Ended,60.0,,ABC,United States
1114,Lip Service,English,"Drama, Romance",2010-10-12,Ended,60.0,http://www.bbc.co.uk/programmes/p00qnjk5,BBC Three,United Kingdom
1732,Lip Sync Battle,English,"Comedy, Music",2015-04-02,Ended,30.0,http://www.paramountnetwork.com/shows/lip-sync-battle,Paramount Network,United States
1482,Lipstick Jungle,English,"Drama, Romance",2008-02-07,Ended,60.0,http://www.nbc.com/lipstick-jungle,NBC,United States
1716,Little Britain,English,Comedy,2003-02-09,Ended,30.0,http://www.bbc.co.uk/programmes/b006q2zd,BBC One,United Kingdom
1717,Little Britain USA,English,Comedy,2008-09-28,Ended,30.0,http://www.hbo.com/little-britain-usa,HBO,United States
1521,Little Mosque on the Prairie,English,,2007-01-09,Ended,30.0,,CBC,Canada
973,"Little People, Big World",English,,2006-03-04,To Be Determined,60.0,http://www.tlc.com/tv-shows/little-people-big-world/,TLC,United States
1206,Little Women: LA,English,Drama,2014-05-27,Ended,60.0,http://www.mylifetime.com/shows/little-women-la,Lifetime,United States
1727,Little Women: NY,English,"Drama, Family",2015-03-25,Ended,60.0,,Lifetime,United States
1323,Lois & Clark: The New Adventures of Superman,English,"Action, Adventure, Science-Fiction",1993-09-12,Ended,60.0,,ABC,United States
1692,Lone Star,English,Drama,2010-09-20,Ended,60.0,,FOX,United States
246,Long Shadow,English,"War, History",2014-09-24,Ended,60.0,http://www.bbc.co.uk/programmes/b04jqxtl,BBC Two,United Kingdom
395,Longmire,English,"Drama, Thriller, Western",2012-06-03,Ended,,https://www.netflix.com/title/70269479,,
1950,Look Around You,English,Comedy,2002-10-10,Ended,,http://www.bbc.co.uk/programmes/p00bt5dl,BBC Two,United Kingdom
140,Looking,English,"Drama, Comedy, Romance",2014-01-19,Ended,30.0,http://www.hbo.com/looking,HBO,United States
1709,Los Hombres de Paco,Spanish,,2005-10-09,Running,80.0,,Antena 3,Spain
1702,Los Protegidos,Spanish,"Drama, Fantasy, Mystery",2010-01-12,Ended,80.0,,Antena 3,Spain
123,Lost,English,"Drama, Adventure, Supernatural",2004-09-22,Ended,60.0,http://abc.go.com/shows/lost,ABC,United States
12,Lost Girl,English,"Drama, Fantasy, Horror",2010-09-12,Ended,60.0,http://www.showcase.ca/lostgirl,Showcase,Canada
1840,Lost in Transmission,English,,2015-05-07,Ended,60.0,,History,United States
342,Louie,English,"Drama, Comedy",2010-06-29,Ended,30.0,http://www.fxnetworks.com/louie/,FX,United States
634,Love the Way You Lie,English,"Drama, Crime",2014-11-12,Ended,60.0,,Investigation Discovery,United States
1394,Love Thy Sister,English,,2015-01-08,Ended,60.0,,WE tv,United States
1397,"Love, Lust or Run",English,,2015-01-23,Ended,30.0,http://www.tlc.com/tv-shows/love-lust-run/,TLC,United States
1539,"Love, Lust or Run: Wear Are They Now",English,,2015-02-13,Ended,60.0,,TLC,United States
267,Lovesick,English,"Comedy, Romance",2014-10-02,Ended,,https://www.netflix.com/title/80041601,,
1235,Low Winter Sun,English,"Drama, Crime",2013-08-11,Ended,60.0,,AMC,United States
653,Lucha Underground,English,,2014-10-29,Ended,60.0,,El Rey Network,United States
1859,Lucifer,English,"Drama, Crime, Supernatural",2016-01-25,Ended,,https://www.netflix.com/title/80057918,,
854,Luck,English,"Drama, Crime, Sports",2012-01-29,Ended,60.0,http://www.hbo.com/luck,HBO,United States
670,Luther,English,"Drama, Crime, Thriller",2010-05-04,Ended,60.0,http://www.bbc.co.uk/programmes/b00vk2lp,BBC One,United Kingdom
665,M*A*S*H,English,"Comedy, War, Medical",1972-09-17,Ended,30.0,,CBS,United States
821,MacGyver,English,"Action, Adventure",1985-09-29,Ended,60.0,,ABC,United States
1115,Mad About You,English,"Comedy, Romance",1992-09-23,Ended,30.0,https://spectrumoriginals.com/madaboutyou/,,
1995,Mad Dogs,English,"Drama, Crime, Thriller",2011-02-10,Ended,60.0,https://www.sky.com/watch/title/series/37ce2dfc-2a85-422d-b0f3-f307b65b02f1/mad-dogs-37ce2dfc-2a85-422d-b0f3-f307b65b02f1,Sky Showcase,United Kingdom
385,Mad Men,English,Drama,2007-07-19,Ended,60.0,https://www.amc.com/shows/mad-men--1002238,AMC,United States
48,Madam Secretary,English,Drama,2014-09-21,Ended,60.0,http://www.cbs.com/shows/madam-secretary/,CBS,United States
831,Made in Chelsea,English,,2011-05-09,Running,,http://www.channel4.com/programmes/made-in-chelsea,E4,United Kingdom
404,Magic City,English,"Drama, Crime, Mystery",2012-03-30,Ended,60.0,,STARZ,United States
956,Magnum P.I.,English,"Drama, Action, Mystery",1980-12-11,Ended,60.0,,CBS,United States
1167,Maison Close,French,Drama,2010-10-04,Ended,60.0,,Canal+,France
384,Major Crimes,English,"Drama, Action, Crime",2012-08-13,Ended,60.0,http://www.tntdrama.com/shows/major-crimes.html,TNT,United States
664,Make It or Break It,English,"Drama, Comedy, Sports",2009-06-22,Ended,60.0,,Freeform,United States
568,Malcolm in the Middle,English,Comedy,2000-01-09,Running,,,,
1324,Malibu Country,English,Comedy,2012-11-02,Ended,30.0,,ABC,United States
356,Man Down,English,Comedy,2013-10-18,Ended,30.0,http://www.channel4.com/programmes/man-down,Channel 4,United Kingdom
1485,Man from Atlantis,English,"Drama, Adventure, Fantasy",1977-09-22,Ended,60.0,,NBC,United States
1365,Man Seeking Woman,English,"Comedy, Fantasy, Romance",2015-01-14,Ended,30.0,https://www.fxnetworks.com/shows/man-seeking-woman,FXX,United States
913,Man vs. Wild,English,"Action, Adventure",2006-10-27,Ended,60.0,http://www.discovery.com/tv-shows/man-vs-wild/,Discovery,United States
688,Manhattan,English,Drama,2014-07-27,Ended,60.0,http://wgnamerica.com/series/manhattan,NewsNation,United States
96,Manhattan Love Story,English,"Comedy, Romance",2014-09-30,Ended,30.0,https://abc.go.com/shows/manhattan-love-story,ABC,United States
1657,Mankind: The Story of All of Us,English,History,2012-11-13,Ended,60.0,,History,United States
1922,Mann & Machine,English,"Action, Science-Fiction",1992-04-05,Ended,60.0,,NBC,United States
1756,Marchlands,English,Drama,2011-02-03,Ended,60.0,,ITV1,United Kingdom
700,Marco Polo,English,"Drama, Action, Adventure",2014-12-12,Ended,,https://www.netflix.com/title/70305883,,
1845,Maron,English,Comedy,2013-05-03,Ended,30.0,,IFC,United States
310,Married,English,"Drama, Comedy, Romance",2014-07-17,Ended,30.0,http://www.fxnetworks.com/shows/married/about,FX,United States
499,Married... with Children,English,"Comedy, Family, Adult",1987-04-05,Ended,30.0,,FOX,United States
129,Marry Me,English,Comedy,2014-10-14,Ended,30.0,,NBC,United States
336,Marvel's Agent Carter,English,"Action, Adventure, Science-Fiction",2015-01-06,Ended,60.0,http://abc.go.com/shows/marvels-agent-carter,ABC,United States
31,Marvel's Agents of S.H.I.E.L.D.,English,"Action, Adventure, Science-Fiction",2013-09-24,Ended,60.0,http://abc.go.com/shows/marvels-agents-of-shield,ABC,United States
1369,Marvel's Daredevil,English,"Drama, Action, Crime",2015-04-10,Ended,,https://www.netflix.com/title/80018294,,
1370,Marvel's Jessica Jones,English,"Action, Crime, Science-Fiction",2015-11-20,Ended,,https://www.netflix.com/title/80002311,,
324,MasterChef,English,Food,2010-07-27,Running,60.0,http://www.fox.com/masterchef,FOX,United States
417,MasterChef Junior,English,"Children, Food",2013-09-27,To Be Determined,60.0,http://www.fox.com/masterchef-junior,FOX,United States
482,Masters of Horror,English,Horror,2005-10-28,Ended,60.0,,Paramount+ with Showtime,United States
1693,Masters of Money,English,History,2012-09-17,Ended,60.0,http://www.bbc.co.uk/programmes/b01mzqw9,BBC Two,United Kingdom
1008,Masters of Science Fiction,English,"Drama, Science-Fiction",2007-08-04,Ended,60.0,,ABC,United States
149,Masters of Sex,English,"Drama, Romance, History",2013-09-29,Ended,60.0,http://www.sho.com/sho/masters-of-sex/home,Paramount+ with Showtime,United States
308,Matador,English,"Drama, Action",2014-07-15,Ended,60.0,,El Rey Network,United States
1561,Match Made in Heaven,English,,2015-02-04,Running,60.0,,WE tv,United States
1748,Matlock,English,"Drama, Crime, Legal",1986-03-03,Ended,60.0,,ABC,United States
1374,McLeod's Daughters,English,"Drama, Family, Romance",2001-08-08,Ended,60.0,,Nine Network,Australia
1144,Mecum Dealmakers,English,,2014-07-31,Ended,60.0,http://www.nbcsports.com/show/mecum-dealmakers,NBCSN,United States
773,Medium,English,"Drama, Crime, Supernatural",2005-01-03,Ended,60.0,,CBS,United States
1733,Meet the Smiths,English,,2015-04-03,Ended,30.0,,TBS,United States
348,Melissa & Joey,English,"Comedy, Family",2010-08-17,Ended,30.0,http://abcfamily.go.com/shows/melissa-joey,Freeform,United States
960,Melrose Place,English,"Drama, Romance",1992-07-08,Ended,60.0,,FOX,United States
1260,Melrose Place,English,"Drama, Romance",2009-09-08,Ended,60.0,,The CW,United States
406,Men at Work,English,"Drama, Comedy",2012-05-24,Ended,30.0,,TBS,United States
996,Men in Trees,English,"Drama, Comedy",2006-09-12,Ended,60.0,,ABC,United States
1694,Men of a Certain Age,English,"Drama, Comedy",2009-12-07,Ended,60.0,,TNT,United States
1325,Mental,English,"Drama, Medical",2009-05-26,Ended,60.0,,FOX,United States
789,Merlin,English,"Adventure, Fantasy, Science-Fiction",2008-09-20,Ended,60.0,http://www.bbc.co.uk/programmes/b00mjlxv,BBC One,United Kingdom
1924,Metal Fighter Miku,Japanese,"Action, Anime, Science-Fiction",1994-07-08,Ended,30.0,,TV Tokyo,Japan
445,Metal Hurlant Chronicles,English,"Action, Adventure, Science-Fiction",2012-10-27,Ended,30.0,http://www.france4.fr/emissions/metal-hurlant,France 4,France
928,Metalocalypse,English,Comedy,2006-08-06,Ended,15.0,https://www.adultswim.com/videos/metalocalypse,Adult Swim,United States
1936,Mezzo,Japanese,"Comedy, Action, Anime, Science-Fiction",2000-05-25,Ended,25.0,,TV Kanagawa,Japan
760,Miami Vice,English,"Drama, Action, Crime",1984-09-16,Ended,60.0,,NBC,United States
710,Mickey Mouse Clubhouse,English,"Comedy, Children",2006-05-06,Ended,25.0,,Disney Channel,United States
328,Midsomer Murders,English,"Drama, Crime, Mystery",1998-03-22,Running,,https://acorn.tv/midsomermurders/,,
355,Mike & Molly,English,"Comedy, Family",2010-09-20,Ended,30.0,https://www.cbs.com/shows/mike_and_molly/8/,CBS,United States
1117,Mildred Pierce,English,Drama,2011-03-27,Ended,60.0,https://www.hbo.com/mildred-pierce,HBO,United States
1302,Millennium,English,"Drama, Crime, Mystery",1996-10-25,Ended,60.0,,FOX,United States
1628,Min Krig,Danish,,2014-09-29,Ended,30.0,,DR3,Denmark
1601,Mind Your Language,English,Comedy,1977-12-30,Ended,30.0,,ITV1,United Kingdom
1858,Minority Report,English,"Action, Crime, Science-Fiction",2015-09-21,Ended,60.0,http://www.fox.com/minority-report,FOX,United States
1634,Misfit Garage,English,,2014-10-13,Ended,60.0,http://www.discovery.com/tv-shows/misfit-garage/,Discovery,United States
791,Misfits,English,"Drama, Comedy, Science-Fiction",2009-11-12,Ended,60.0,http://www.channel4.com/programmes/misfits,E4,United Kingdom
234,Missing,English,"Drama, Action, Thriller",2012-03-15,Ended,60.0,,ABC,United States
1962,Missing,English,"Drama, Crime, Mystery",2003-08-02,Ended,60.0,,Lifetime,United States
1567,Mississippi Men,English,,2015-01-28,Ended,60.0,http://www.history.ca/mississippi-men/,History,United States
199,Mistresses,English,"Drama, Romance",2013-06-03,Ended,60.0,http://abc.go.com/shows/mistresses,ABC,United States
828,Mistresses,English,"Drama, Romance",2008-01-08,Ended,60.0,http://www.bbc.co.uk/programmes/b00hht8l,BBC One,United Kingdom
1211,Mixology,English,"Comedy, Romance",2014-02-26,Ended,30.0,,ABC,United States
227,Mob City,English,"Drama, Crime",2013-12-04,Ended,60.0,,TNT,United States
1350,Mob Wives,English,,2011-04-17,Ended,60.0,http://www.vh1.com/shows/mob_wives/,VH1,United States
281,Mock the Week,English,Comedy,2005-06-05,Ended,30.0,http://www.bbc.co.uk/programmes/b006t6vf,BBC Two,United Kingdom
80,Modern Family,English,"Comedy, Family",2009-09-23,Ended,30.0,http://abc.go.com/shows/modern-family,ABC,United States
932,Modern Marvels,English,"Mystery, Nature, History",1993-12-10,To Be Determined,60.0,https://www.history.com/shows/modern-marvels,History,United States
126,Mom,English,"Comedy, Family",2013-09-23,Ended,30.0,http://www.cbs.com/shows/mom/,CBS,United States
1624,Moment of Truth,English,,2016-07-18,Ended,15.0,,ABC,Australia
632,Momsters: When Moms Go Bad,English,,2014-11-28,Ended,30.0,,Investigation Discovery,United States
543,Monk,English,"Drama, Crime, Mystery",2002-07-12,Ended,60.0,,USA Network,United States
694,Monty Python's Flying Circus,English,Comedy,1969-10-05,Ended,30.0,,BBC One,United Kingdom
1839,Monument Guys,English,,2015-05-06,Ended,60.0,,History,United States
373,Moone Boy,English,Comedy,2012-09-14,Ended,30.0,,Sky Showcase,United Kingdom
456,Moonlight,English,"Drama, Horror, Romance",2007-09-28,Ended,60.0,,CBS,United States
1487,Moonlighting,English,"Drama, Comedy, Mystery",1985-03-03,Ended,60.0,,ABC,United States
524,Moonshiners,English,,2011-12-06,Running,60.0,https://go.discovery.com/show/moonshiners-discovery,Discovery,United States
1960,Moral Orel,English,,2005-12-12,Ended,15.0,,Adult Swim,United States
1658,Mortal Kombat: Conquest,English,"Action, Adventure, Fantasy",1998-10-03,Ended,60.0,,Syndication,United States
1937,Mortal Kombat: Defenders of the Realm,English,"Action, Adventure, Fantasy",1996-09-21,Ended,30.0,,USA Network,United States
407,Mortal Kombat: Legacy,English,"Action, Adventure, Fantasy",2011-04-12,Ended,10.0,,,
1196,Most Evil,English,,2006-07-13,Ended,60.0,,Investigation Discovery,United States
291,Motive,English,"Drama, Crime, Mystery",2013-02-03,Ended,60.0,http://www.ctv.ca/Motive.aspx,CTV,Canada
1032,Motivos Personales,Spanish,,2005-02-01,Ended,80.0,,Telecinco,Spain
266,Mount Pleasant,English,"Drama, Comedy",2011-08-24,Ended,60.0,https://www.sky.com/watch/channel/sky-1/mount-pleasant,Sky Showcase,United Kingdom
1620,Mozart in the Jungle,English,"Drama, Comedy, Music",2014-02-06,Ended,,https://www.amazon.com/Mozart-Jungle-Season-1/dp/B00I3MNGCG,,
1719,Mr. Bean,English,"Comedy, Family",1990-01-01,Ended,30.0,,ITV1,United Kingdom
1874,Mr. Robinson,English,Comedy,2015-08-05,Ended,30.0,,NBC,United States
1871,Mr. Robot,English,"Drama, Crime, Thriller",2015-06-24,Ended,60.0,https://www.usanetwork.com/mr-robot,USA Network,United States
284,Mr. Selfridge,English,Drama,2013-01-06,Ended,60.0,,ITV1,United Kingdom
509,Mr. Sunshine,English,"Comedy, Sports",2011-02-09,Ended,30.0,,ABC,United States
1522,Mrs. Brown's Boys,English,Comedy,2011-01-01,To Be Determined,,https://www.rte.ie/player/series/mrs-brown-s-boys/10011122-00-0000?epguid=IH10010566-24-0001,RTÉ ONE,Ireland
1553,"Mud, Sweat and Gears",English,,2015-01-26,Ended,60.0,http://www.bbcamerica.com/shows/mud-sweat-and-gears,BBC America,United States
108,Mulaney,English,"Comedy, Family",2014-10-05,Ended,30.0,,FOX,United States
630,Murder Book,English,Crime,2014-12-02,Ended,60.0,http://www.investigationdiscovery.com/tv-shows/murder-book/,Investigation Discovery,United States
300,Murder in the First,English,"Drama, Crime, Mystery",2014-06-09,Ended,60.0,http://www.tntdrama.com/shows/murder-in-the-first.html,TNT,United States
593,Murdoch Mysteries,English,"Drama, Crime, Mystery",2008-01-24,Running,,https://gem.cbc.ca/murdoch-mysteries,,
1180,Museum Men,English,,2014-11-29,Ended,60.0,http://www.history.com/shows/museum-men,Vice TV,United States
500,Mutant X,English,"Action, Adventure, Science-Fiction",2001-10-06,Ended,60.0,,Syndication,United States
1351,My 600-Lb. Life,English,Medical,2012-02-01,Running,120.0,https://go.tlc.com/show/my-600-lb-life-tlc,TLC,United States
752,My Boys,English,"Drama, Comedy",2006-11-28,Ended,30.0,,TBS,United States
1622,My City's Just Not That Into Me,English,,2015-03-04,Ended,30.0,,FYI,United States
646,My Crazy Love,English,Romance,2014-10-28,Ended,30.0,http://www.oxygen.com/my-crazy-love,Oxygen True Crime,United States
1118,My Family,English,"Comedy, Family",2000-09-19,Ended,,http://www.bbc.co.uk/programmes/b006xj32,BBC One,United Kingdom
1386,My Five Wives,English,,2014-03-09,Ended,60.0,,TLC,United States
1993,My Guide to Becoming a Rock Star,English,"Drama, Comedy, Music",2002-03-14,Ended,30.0,,The WB,United States
1659,My Hero,English,"Comedy, Fantasy, Romance",2000-02-04,Ended,30.0,http://www.bbc.co.uk/comedy/myhero/,BBC One,United Kingdom
1258,My Mad Fat Diary,English,"Drama, Comedy, Romance",2013-01-14,Ended,60.0,https://www.channel4.com/programmes/my-mad-fat-diary,E4,United Kingdom
678,My Name Is Earl,English,Comedy,2005-09-20,Ended,30.0,https://www.nbc.com/my-name-is-earl,NBC,United States
1254,My So-Called Life,English,Drama,1994-08-25,Ended,60.0,,ABC,United States
631,My Strange Criminal Addiction,English,Crime,2014-12-01,Ended,60.0,,Investigation Discovery,United States
952,My Wife and Kids,English,"Comedy, Family",2001-03-28,Ended,30.0,,ABC,United States
1170,Mysteries at the Castle,English,"Mystery, History",2014-01-19,Ended,60.0,http://www.travelchannel.com/shows/mysteries-at-the-castle,Travel Channel,United States
379,Mythbusters,English,"Adventure, Nature, DIY",2003-01-23,Ended,60.0,https://www.sciencechannel.com/tv-shows/mythbusters-on-science/,Science,United States
649,Nail'd It!,English,,2014-10-07,Ended,60.0,http://www.oxygen.com/naild-it,Oxygen True Crime,United States
1932,Najica Dengeki Sakusen,Japanese,"Action, Anime, Crime, Science-Fiction",2001-10-05,Ended,23.0,,Kids Station,Japan
747,Naked and Afraid,English,"Adventure, Nature",2013-06-23,Running,120.0,http://www.discovery.com/tv-shows/naked-and-afraid/,Discovery,United States
924,Naked and Afraid: Uncensored,English,"Adventure, Nature",2013-06-30,Running,120.0,http://www.discovery.com/tv-shows/naked-and-afraid/videos,Discovery,United States
1327,Naked Vegas,English,,2013-10-29,Ended,60.0,,Syfy,United States
495,Naruto,Japanese,"Action, Adventure, Anime, Fantasy",2002-10-03,Ended,30.0,http://www.tv-tokyo.co.jp/anime/naruto/index2.html,TV Tokyo,Japan
488,Naruto: Shippūden,Japanese,"Action, Adventure, Anime, Fantasy",2007-02-15,Ended,30.0,http://www.tv-tokyo.co.jp/anime/naruto/index2.html,TV Tokyo,Japan
53,Nashville,English,"Drama, Music, Romance",2012-10-10,Ended,60.0,http://www.cmt.com/shows/nashville/,CMT,United States
1447,Nazi Megastructures,English,"War, History",2013-11-18,Ended,60.0,https://www.nationalgeographic.com/tv/shows/nazi-megastructures,National Geographic,United Kingdom
60,NCIS,English,"Drama, Action, Crime",2003-09-23,Running,60.0,http://www.cbs.com/shows/ncis/,CBS,United States
72,NCIS: Los Angeles,English,"Drama, Action, Crime",2009-09-22,Ended,60.0,http://www.cbs.com/shows/ncis_los_angeles/,CBS,United States
45,NCIS: New Orleans,English,"Drama, Crime",2014-09-23,Ended,60.0,http://www.cbs.com/shows/ncis-new-orleans/,CBS,United States
684,Necessary Roughness,English,"Drama, Comedy",2011-06-29,Ended,60.0,,USA Network,United States
1590,Neighbors with Benefits,English,,2015-03-22,Ended,60.0,,A&E,United States
1925,Neon Genesis Evangelion,Japanese,"Drama, Action, Anime, Science-Fiction",1995-10-04,Ended,24.0,https://www.evangelion.co.jp/,TV Tokyo,Japan
1131,Neverland,English,"Adventure, Fantasy",2011-12-04,Ended,120.0,,Syfy,United States
1132,Neverwhere,English,"Drama, Fantasy",1996-09-12,Ended,30.0,,BBC Two,United Kingdom
1153,New Amsterdam,English,"Drama, Crime, Fantasy",2008-03-04,Ended,60.0,,FOX,United States
58,New Girl,English,"Comedy, Romance",2011-09-20,Ended,30.0,http://www.fox.com/new-girl/,FOX,United States
276,New Tricks,English,"Drama, Comedy, Crime",2004-04-01,Ended,60.0,http://www.bbc.co.uk/programmes/b006t0qx,BBC One,United Kingdom
1488,Newhart,English,Comedy,1982-10-25,Ended,30.0,,CBS,United States
1015,Newport Harbor: The Real Orange County,English,,2004-09-28,Ended,30.0,,MTV,United States
293,Newswipe,English,Comedy,2009-03-25,Ended,30.0,http://www.bbc.co.uk/programmes/b00qbq57,BBC Four,United Kingdom
1232,Nieuwe Buren,Dutch,Drama,2014-09-14,Ended,43.0,https://www.videoland.com/series/416/nieuwe-buren,,
1489,Night Court,English,"Comedy, Legal",1984-01-04,Ended,30.0,,NBC,United States
1175,Nightwatch,English,Medical,2015-01-22,To Be Determined,60.0,http://www.aetv.com/shows/nightwatch,A&E,United States
122,Nikita,English,"Drama, Action, Crime",2010-09-09,Ended,60.0,,The CW,United States
564,Nip/Tuck,English,"Drama, Medical",2003-07-22,Ended,60.0,,FX,United States
1155,No Heroics,English,"Comedy, Fantasy",2008-09-18,Ended,30.0,,ITV2,United Kingdom
1880,No Offence,English,"Drama, Comedy, Crime",2015-05-05,Ended,60.0,http://www.channel4.com/programmes/no-offence,Channel 4,United Kingdom
814,No Ordinary Family,English,"Drama, Action, Science-Fiction",2010-09-28,Ended,60.0,,ABC,United States
1948,Noel Fielding's Luxury Comedy,English,Comedy,2012-01-26,Ended,30.0,http://www.channel4.com/programmes/noel-fieldings-luxury-comedy,E4,United Kingdom
1429,Noord Zuid,Dutch,"Drama, Crime",2015-01-02,Ended,50.0,http://noordzuid.kro.nl/,NPO 1,Netherlands
1156,North & South,English,"Drama, Romance",2004-11-14,Ended,60.0,http://www.bbc.co.uk/programmes/b00kq3rz,BBC One,United Kingdom
1231,North America,English,Nature,2013-05-19,Ended,60.0,,Discovery,United States
1157,North and South,English,"Drama, History",1985-11-03,Ended,,,ABC,United States
501,Northern Exposure,English,"Drama, Comedy",1990-07-12,Ended,60.0,,CBS,United States
1328,Nostradamus Effect,English,History,2009-09-09,Ended,60.0,,History,United States
756,Not Going Out,English,Comedy,2006-10-06,Running,,http://www.bbc.co.uk/programmes/b006mw70,,
1299,Nowhere Boys,English,"Action, Adventure, Science-Fiction",2013-11-07,Ended,30.0,http://www.abc.net.au/tv/programs/nowhere-boys/,ABC Entertains,Australia
588,NTSF:SD:SUV,English,"Comedy, Espionage",2011-07-22,Ended,15.0,,Adult Swim,United States
682,Numb3rs,English,"Drama, Action, Crime",2005-01-23,Ended,60.0,,CBS,United States
147,Nurse Jackie,English,"Drama, Comedy",2009-06-08,Ended,30.0,,Paramount+ with Showtime,United States
744,NY Med,English,"Drama, Medical",2012-07-10,Ended,60.0,,ABC,United States
570,NYPD Blue,English,"Drama, Crime",1993-09-21,Ended,60.0,,ABC,United States
1346,Obsession: Dark Desires,English,,2014-01-14,Ended,60.0,https://www.investigationdiscovery.com/tv-shows/obsession-dark-desires/,Investigation Discovery,United States
1158,October Road,English,Drama,2007-03-15,Ended,60.0,,ABC,United States
1674,Odisseia,Portuguese,"Drama, Comedy",2013-01-20,Ended,41.0,,RTP1,Portugal
1660,Off Centre,English,Comedy,2001-10-14,Ended,30.0,,The WB,United States
1281,Off the Map,English,"Drama, Adventure, Medical",2011-01-12,Ended,60.0,https://abc.go.com/shows/off-the-map,ABC,United States
415,Olive Kitteridge,English,Drama,2014-11-02,Ended,60.0,http://www.hbo.com/olive-kitteridge,HBO,United States
1731,Olympus,English,"Drama, Adventure, Fantasy",2015-04-02,Ended,60.0,,Syfy,United States
330,On the Menu,English,Food,2014-10-03,Ended,60.0,,TNT,United States
443,Once a Thief,English,"Comedy, Action, Thriller",1997-09-15,Ended,60.0,,CTV,Canada
1159,Once and Again,English,"Drama, Family, Romance",1999-09-21,Ended,60.0,,ABC,United States
111,Once Upon a Time,English,"Drama, Fantasy, Romance",2011-10-23,Ended,60.0,http://abc.go.com/shows/once-upon-a-time,ABC,United States
23,Once Upon a Time in Wonderland,English,"Drama, Adventure, Fantasy",2013-10-10,Ended,60.0,,ABC,United States
1710,One Big Happy,English,Comedy,2015-03-17,Ended,30.0,,NBC,United States
1490,One Day at a Time,English,Comedy,1975-12-16,Ended,30.0,,CBS,United States
1505,One Piece,Japanese,"Action, Adventure, Anime, Fantasy",1999-10-20,Running,25.0,https://one-piece.com/anime/index.html,Fuji TV,Japan
560,One Tree Hill,English,Drama,2003-09-23,Ended,60.0,,The CW,United States
1174,Open Heart,English,"Drama, Mystery, Medical",2015-01-20,Ended,60.0,,TeenNick,United States
959,Operation Repo,English,Drama,2008-11-17,Ended,30.0,http://www.trutv.com/shows/operation_repo/index.html,truTV,United States
1329,Opposite Worlds,English,,2014-01-21,Ended,60.0,,Syfy,United States
170,Orange Is the New Black,English,"Drama, Comedy, Crime",2013-07-11,Ended,,https://www.netflix.com/title/70242311,,
61,Orphan Black,English,"Drama, Science-Fiction, Thriller",2013-03-30,Ended,60.0,http://orphanblack.space.ca/,CTV Sci-Fi Channel,Canada
1647,Os Filhos do Rock,Portuguese,"Drama, Music",2013-12-08,Ended,60.0,,RTP1,Portugal
1796,Other Space,English,"Comedy, Adventure, Science-Fiction",2015-04-14,Ended,30.0,,,
1560,Our Little Family,English,"Drama, Family",2015-02-17,Ended,60.0,http://www.tlc.com/tv-shows/our-little-family/,TLC,United States
1413,Our World War,English,"Drama, War, History",2014-08-07,Ended,60.0,http://www.bbc.co.uk/programmes/p022twsy,BBC Three,United Kingdom
1425,Our Zoo,English,"Drama, Thriller",2014-09-03,Ended,60.0,http://www.bbc.co.uk/programmes/b04gvbkz,BBC One,United Kingdom
1160,Out of Practice,English,Comedy,2005-09-19,Ended,30.0,,CBS,United States
858,Outcasts,English,"Drama, Science-Fiction",2011-02-07,Ended,60.0,http://www.bbc.co.uk/programmes/b00x8fw4,BBC One,United Kingdom
43,Outlander,English,"Adventure, Romance, Science-Fiction",2014-08-09,Running,60.0,https://www.starz.com/us/en/series/outlander/21796,STARZ,United States
1380,Outlaw,English,,2010-09-15,Ended,60.0,,NBC,United States
619,Outlaw Country,English,"Drama, Crime",2015-02-24,Ended,60.0,,NewsNation,United States
1230,Outsourced,English,Comedy,2010-09-23,Ended,30.0,,NBC,United States
1744,Over the Garden Wall,English,"Drama, Fantasy, Mystery",2014-11-03,Ended,11.0,,Cartoon Network,United States
1633,Overhaulin',English,,2004-04-20,Ended,60.0,http://www.velocity.com/tv-shows/overhaulin/,MotorTrend,United States
748,Oz,English,"Drama, Crime",1997-07-12,Ended,60.0,http://www.hbo.com/oz/,HBO,United States
454,Pacific Blue,English,"Drama, Action, Crime",1996-03-02,Ended,60.0,,USA Network,United States
268,Package Deal,English,Comedy,2013-06-18,Ended,30.0,https://web.archive.org/web/20140623105741/http://packagedeal.citytv.com/,Citytv,Canada
484,Painkiller Jane,English,"Action, Adventure, Science-Fiction",2007-04-13,Ended,60.0,,Syfy,United States
942,Pan Am,English,"Drama, Thriller",2011-09-25,Ended,60.0,,ABC,United States
1161,Parade's End,English,"Drama, War, History",2012-08-24,Ended,60.0,http://www.bbc.co.uk/programmes/b01m7rn8,BBC Two,United Kingdom
1229,Paradox,English,"Drama, Science-Fiction",2009-11-24,Ended,60.0,http://www.bbc.co.uk/programmes/b00p70x4,BBC One,United Kingdom
93,Parenthood,English,"Drama, Comedy, Family",2010-03-02,Ended,60.0,,NBC,United States
1163,Parker Lewis Can't Lose,English,Comedy,1990-09-02,Ended,30.0,,FOX,United States
174,Parks and Recreation,English,Comedy,2009-04-09,Ended,30.0,http://www.nbc.com/parks-and-recreation,NBC,United States
1853,Partners,English,Comedy,2014-08-04,Ended,30.0,,FX,United States
1523,Partners,English,Comedy,2012-09-24,Ended,30.0,,CBS,United States
1137,Party Down,English,Comedy,2009-03-20,To Be Determined,,https://www.starz.com/us/en/series/party-down/2011,,
1164,Party of Five,English,"Drama, Family",1994-09-12,Ended,60.0,,FOX,United States
1630,Patrol Boat,English,"Drama, Action",1979-06-28,Ended,60.0,,ABC,Australia
894,Paw Patrol,English,"Comedy, Action, Adventure",2013-08-12,Running,22.0,https://pawpatrolandfriends.com/,TVO,Canada
534,Pawn Stars,English,,2009-07-19,Running,63.0,http://www.history.com/shows/pawn-stars,History,United States
721,Pawnography,English,,2014-07-10,Ended,30.0,http://www.history.com/shows/pawnography,History,United States
269,Peaky Blinders,English,"Drama, Crime, History",2013-09-12,Running,,http://www.bbc.co.uk/programmes/b045fz8r,BBC One,United Kingdom
727,Pee-Wee's Playhouse,English,Comedy,1986-09-13,Ended,30.0,,CBS,United States
383,Peep Show,English,Comedy,2003-09-19,Ended,30.0,http://www.channel4.com/programmes/peep-show,Channel 4,United Kingdom
698,Peg + Cat,English,Children,2013-10-07,Ended,15.0,,PBS,United States
822,Penn & Teller: Bullshit!,English,Comedy,2003-01-24,Ended,30.0,,Paramount+ with Showtime,United States
1540,Penn Zero: Part-Time Hero,English,"Comedy, Action",2014-12-05,Ended,15.0,http://disneyxd.disney.com/penn-zero,Disney XD,United States
16,Penny Dreadful,English,"Horror, Thriller, Supernatural",2014-05-11,Ended,60.0,http://www.sho.com/penny-dreadful,Paramount+ with Showtime,United States
1228,Penoza,Dutch,"Drama, Crime",2010-09-12,Ended,50.0,https://www.npostart.nl/penoza/KN_1691991,NPO 3,Netherlands
357,Perception,English,"Drama, Crime",2012-07-09,Ended,60.0,,TNT,United States
909,Perry Mason,English,"Drama, Crime, Legal",1957-09-21,Ended,60.0,,CBS,United States
2,Person of Interest,English,"Action, Crime, Science-Fiction",2011-09-22,Ended,60.0,http://www.cbs.com/shows/person_of_interest/,CBS,United States
558,Persons Unknown,English,"Drama, Thriller, Mystery",2010-06-07,Ended,60.0,,NBC,United States
1703,Pesadilla en la Cocina,Spanish,,2012-10-25,Running,,https://www.lasexta.com/programas/pesadilla-en-la-cocina/,La Sexta,Spain
672,Phineas and Ferb,English,"Comedy, Children",2007-08-17,Running,,https://www.disneyplus.com/browse/entity-dd2d65ba-4473-4bec-885d-6b71ee699820,,
1165,Picket Fences,English,"Drama, Family",1992-09-18,Ended,60.0,,CBS,United States
901,Pioneers of Television,English,,2008-01-02,Ended,60.0,,PBS,United States
1255,Pippi Longstocking,English,"Comedy, Adventure, Children",1998-07-04,Ended,30.0,,Cartoon Network,Canada
1492,Pirate Master,English,,2007-05-31,Ended,60.0,,CBS,United States
878,Pit Bulls & Parolees,English,,2009-10-30,Ended,60.0,https://www.animalplanet.com/show/pit-bulls-parolees-animal-planet,Animal Planet,United States
1792,Place of Execution,English,"Drama, Crime",2008-09-22,Ended,60.0,,ITV1,United Kingdom
768,Planet Earth,English,Nature,2006-03-05,Ended,60.0,http://www.bbc.co.uk/programmes/b006mywy,BBC One,United Kingdom
1133,Planet of the Apes,English,"Drama, Adventure, Science-Fiction",1974-09-13,Ended,60.0,,CBS,United States
699,Play for Today,English,"Drama, Science-Fiction",1970-10-15,Ended,75.0,http://www.bbc.co.uk/programmes/b00cnhjw,BBC One,United Kingdom
1690,Players,English,Comedy,2010-03-02,Ended,30.0,,Paramount Network,United States
1493,Playmakers,English,"Drama, Sports",2003-08-26,Ended,60.0,,ESPN,United States
313,Plebs,English,Comedy,2013-03-25,Ended,30.0,https://www.itv.com/watch/plebs/2a1873/2a1873a0023,ITV2,United Kingdom
1897,Point Pleasant,English,"Drama, Horror, Thriller",2005-01-19,Ended,60.0,,FOX,United States
590,Pokémon,Japanese,"Adventure, Anime, Fantasy",1997-04-01,Running,30.0,https://www.tv-tokyo.co.jp/anime/pocketmonster/,TV Tokyo,Japan
1678,Poldark,English,"Drama, Romance",2015-03-08,Ended,60.0,https://www.bbc.co.uk/programmes/b07pn8mz,BBC One,United Kingdom
1082,Political Animals,English,Drama,2012-07-15,Ended,60.0,,USA Network,United States
625,Polka Kings,English,,2015-04-11,Ended,30.0,,REELZ,United States
1776,Porridge,English,"Comedy, Crime",1974-09-05,Ended,30.0,http://www.bbc.co.uk/programmes/b006m9kn,BBC One,United Kingdom
376,Portlandia,English,Comedy,2011-01-21,Ended,30.0,https://www.ifc.com/shows/portlandia--1000011,IFC,United States
883,Posh People: Inside Tatler,English,,2014-11-24,Ended,60.0,http://www.bbc.co.uk/programmes/b04smrqh,BBC Two,United Kingdom
299,Power,English,"Drama, Crime",2014-06-07,Ended,60.0,https://www.starz.com/series/power/episodes,STARZ,United States
794,Power Rangers,English,"Action, Children, Science-Fiction",1993-08-28,Ended,,http://www.powerrangers.com/tv-shows/,,
1364,Powers,English,"Drama, Action, Science-Fiction",2015-03-10,Ended,60.0,http://www.playstation.com/en-us/explore/playstation-plus/powers/,,
1538,Preachers of Detroit,English,,2015-02-13,Ended,60.0,http://www.oxygen.com/preachers-of-detroit,Oxygen True Crime,United States
519,Preachers of L.A.,English,,2013-10-09,Ended,60.0,http://www.oxygen.com/preachers-of-la,Oxygen True Crime,United States
1398,Preachers' Daughters,English,,2013-03-12,Ended,60.0,,Lifetime,United States
738,Pregnant in Heels,English,,2011-04-05,Ended,60.0,,Bravo,United States
177,Pretty Little Liars,English,"Romance, Thriller, Mystery",2010-06-08,Ended,60.0,http://freeform.go.com/shows/pretty-little-liars,Freeform,United States
1790,Prey,English,"Drama, Action, Crime",2014-04-28,Ended,60.0,,ITV1,United Kingdom
1282,Prime Suspect,English,"Drama, Crime, Mystery",1991-04-07,Ended,120.0,,ITV1,United Kingdom
1227,Prime Suspect,English,"Drama, Crime, Thriller",2011-09-22,Ended,60.0,,NBC,United States
923,Primeval,English,"Drama, Adventure, Science-Fiction",2007-02-10,Ended,60.0,http://watch.uktv.co.uk/shows/primeval/,U&W,United Kingdom
1081,Primeval: New World,English,"Drama, Adventure, Fantasy",2012-10-29,Ended,60.0,,CTV Sci-Fi Channel,Canada
541,Prison Break,English,"Drama, Crime, Thriller",2005-08-29,Ended,60.0,http://www.fox.com/prisonbreak,FOX,United States
770,Private Practice,English,"Drama, Romance, Medical",2007-09-26,Ended,60.0,,ABC,United States
1080,Profiler,English,"Drama, Crime, Thriller",1996-09-21,Ended,60.0,,NBC,United States
1226,Profugos,Spanish,"Drama, Action, Crime",2011-09-04,Ended,60.0,,HBO,Chile
687,Project Runway,English,,2004-12-01,To Be Determined,60.0,https://www.freeform.com/show/eaae4038-0848-4819-822f-35c2dcaf47eb,Freeform,United States
887,Project Runway: Threads,English,,2014-10-23,Ended,30.0,,Lifetime,United States
1820,Proof,English,"Drama, Mystery, Supernatural",2015-06-16,Ended,60.0,http://www.tntdrama.com/shows/proof.html,TNT,United States
1602,Prophets of Science Fiction,English,Science-Fiction,2011-11-09,Ended,60.0,,Science,United States
1494,Prototype This!,English,,2008-10-15,Ended,60.0,,Discovery,United States
517,Psych,English,"Drama, Comedy, Crime",2006-07-07,Ended,60.0,http://www.usanetwork.com/psych,USA Network,United States
1829,Psychic Matchmaker,English,,2015-05-01,Ended,30.0,,TLC,United States
1939,Psycho-Pass,Japanese,"Action, Anime, Crime, Science-Fiction",2012-10-12,Ended,60.0,http://psycho-pass.com,Fuji TV,Japan
1257,Psychoville,English,"Comedy, Thriller, Mystery",2009-06-18,Ended,30.0,http://www.bbc.co.uk/programmes/b00vw45s,BBC Two,United Kingdom
1875,Public Morals,English,"Drama, Crime",2015-08-25,Ended,60.0,http://www.tntdrama.com/shows/public-morals.html%20?sr=public_morals_tnt,TNT,United States
1495,Punk'd,English,Comedy,2003-03-17,Ended,30.0,,MTV,United States
1253,Punky Brewster,English,"Comedy, Family",1984-09-16,Ended,30.0,,Syndication,United States
1029,Punta Escarlata,Spanish,,2011-07-25,Ended,90.0,,Telecinco,Spain
918,Pushing Daisies,English,"Drama, Mystery, Supernatural",2007-10-03,Ended,60.0,,ABC,United States
703,QI,English,Comedy,2003-09-11,Running,,http://www.bbc.co.uk/programmes/b006ml0g,,
717,Quantum Leap,English,"Drama, Action, Science-Fiction",1989-03-26,Ended,60.0,,NBC,United States
1894,Queen of Swords,English,"Action, Adventure, Western",2000-10-07,Ended,60.0,,Syndication,United States
1524,Queer As Folk,English,Drama,1999-02-23,Ended,,http://www.channel4.com/programmes/queer-as-folk,Channel 4,United Kingdom
908,Queer As Folk,English,"Drama, Romance",2000-12-03,Ended,60.0,https://www.sho.com/queer-as-folk,Paramount+ with Showtime,United States
875,Question Time,English,,1979-09-25,Running,,http://www.bbc.co.uk/programmes/b006t1q9,,
841,"Quincy, M.E.",English,"Drama, Crime, Medical",1976-10-03,Ended,60.0,,NBC,United States
1183,Railroad Alaska,English,"Action, Adventure",2013-11-16,Ended,60.0,http://www.destinationamerica.com/tv-shows/railroad-alaska/,Destination America,United States
580,Raising Hope,English,"Comedy, Family",2010-09-21,Ended,30.0,,FOX,United States
895,Rake,English,"Drama, Comedy, Legal",2014-01-23,Ended,60.0,,FOX,United States
337,Ramsay's Costa Del Nightmares,English,Food,2014-09-23,Ended,60.0,http://www.channel4.com/programmes/ramsays-costa-del-nightmares,Channel 4,United Kingdom
1689,Ramsay's Kitchen Nightmares,English,Food,2004-04-27,Ended,60.0,http://www.channel4.com/programmes/ramsays-kitchen-nightmares,Channel 4,United Kingdom
225,Ravenswood,English,"Drama, Horror",2013-10-22,Ended,60.0,,Freeform,United States
152,Ray Donovan,English,"Drama, Action, Crime",2013-06-30,Ended,60.0,http://www.sho.com/sho/ray-donovan/home,Paramount+ with Showtime,United States
1083,ReactToThat,English,,2014-12-15,Ended,30.0,,Nickelodeon,United States
279,Real Time with Bill Maher,English,,2003-02-21,Running,60.0,https://www.hbo.com/real-time-with-bill-maher,HBO,United States
815,Reaper,English,"Drama, Comedy, Supernatural",2007-09-25,Ended,60.0,,The CW,United States
944,Reba,English,"Drama, Comedy, Family",2001-10-05,Ended,30.0,,The CW,United States
1662,ReBoot,English,"Action, Adventure, Science-Fiction",1994-09-10,Ended,30.0,,YTV,Canada
897,Reckless,English,Drama,2014-06-29,Ended,60.0,,CBS,United States
221,Rectify,English,"Drama, Crime",2013-04-22,Ended,60.0,http://www.sundance.tv/series/rectify,SundanceTV,United States
55,Red Band Society,English,"Drama, Comedy",2014-09-17,Ended,60.0,https://web.archive.org/web/20170615064321/http://www.fox.com/red-band-society,FOX,United States
368,Red Dwarf,English,"Comedy, Science-Fiction",1988-02-15,Ended,,http://dave.uktv.co.uk/shows/red-dwarf/,U&Dave,United Kingdom
1225,Red Widow,English,"Drama, Crime, Thriller",2013-03-03,Ended,60.0,,ABC,United States
469,ReGenesis,English,"Drama, Science-Fiction, Mystery",2004-10-24,Ended,60.0,,Crave,Canada
868,Regular Show,English,"Comedy, Adventure",2010-09-06,Ended,15.0,http://www.cartoonnetwork.com/tv_shows/regular-show/video,Cartoon Network,United States
88,Reign,English,"Drama, Romance, History",2013-10-17,Ended,60.0,,The CW,United States
1895,Relic Hunter,English,"Action, Adventure, Fantasy",1999-09-25,Ended,60.0,,Syndication,United States
1779,Remedy,English,"Drama, Family, Medical",2014-02-24,Ended,60.0,,Global,Canada
1496,Remington Steele,English,"Comedy, Action, Mystery",1982-10-01,Ended,60.0,,NBC,United States
1896,Renegade,English,"Action, Crime",1992-09-19,Ended,60.0,,USA Network,United States
935,Reno 911!,English,"Comedy, Action, Crime",2003-07-23,Ended,,,,
1835,Reno Rumble,English,DIY,2015-05-05,Ended,60.0,,Nine Network,Australia
1713,Repeat After Me,English,Comedy,2015-02-17,Ended,30.0,http://abc.go.com/shows/repeat-after-me,ABC,United States
797,Rescue Me,English,"Drama, Comedy",2004-07-21,Ended,60.0,,FX,United States
1806,Resident Advisors,English,,2015-04-09,Ended,30.0,,,
1535,Restless,English,"Drama, Action, Adventure",2012-12-27,Ended,90.0,http://www.bbc.co.uk/programmes/p0108tpb,BBC One,United Kingdom
39,Resurrection,English,"Drama, Science-Fiction, Mystery",2014-03-09,Ended,60.0,,ABC,United States
9,Revenge,English,"Drama, Thriller, Mystery",2011-09-21,Ended,60.0,,ABC,United States
1443,Review,English,Comedy,2014-03-06,Ended,30.0,http://www.cc.com/shows/review,Comedy Central,United States
237,Revolution,English,"Action, Adventure, Science-Fiction",2012-09-17,Ended,60.0,,NBC,United States
885,Rewrapped,English,,2014-04-21,Ended,30.0,,Food Network,United States
216,Rick and Morty,English,"Comedy, Adventure, Science-Fiction",2013-12-02,Running,30.0,http://www.adultswim.com/videos/rick-and-morty,Adult Swim,United States
916,Ridiculousness,English,Comedy,2011-08-29,Running,30.0,http://www.mtv.com/shows/ridiculousness,MTV,United States
917,Ringer,English,"Drama, Crime, Mystery",2011-09-13,Ended,60.0,,The CW,United States
360,Ripper Street,English,"Drama, Crime, Mystery",2012-12-30,Ended,60.0,http://www.bbc.co.uk/programmes/b03fvc1c,BBC Two,United Kingdom
1497,Riptide,English,"Drama, Action, Crime",1984-01-03,Ended,60.0,,NBC,United States
651,Risking It All,English,,2014-11-18,Ended,60.0,,TLC,United States
410,Rival Survival,English,,,Ended,60.0,,Discovery,United States
344,Rizzoli & Isles,English,"Drama, Crime",2010-07-12,Ended,60.0,http://www.tntdrama.com/shows/rizzoli-isles.html,TNT,United States
1036,Robin Hood,English,"Drama, Action, Adventure",2006-10-07,Ended,45.0,http://www.bbc.co.uk/programmes/b006m8g7,BBC One,United Kingdom
1663,Robin of Sherwood,English,"Action, Adventure",1984-04-28,Ended,60.0,,ITV1,United Kingdom
1907,RoboCop,English,"Action, Adventure, Science-Fiction",1994-03-18,Ended,60.0,,CTV,Canada
1908,RoboCop: Prime Directives,English,"Action, Adventure, Science-Fiction",2001-01-04,Ended,120.0,,Syfy,United States
686,Robot Chicken,English,"Comedy, Science-Fiction",2005-02-20,To Be Determined,15.0,http://www.adultswim.com/videos/robot-chicken/,Adult Swim,United States
628,Rock This Boat: New Kids on the Block,English,,2015-01-14,Ended,30.0,,Pop,United States
309,Rogue,English,"Action, Crime",2013-04-03,Ended,60.0,http://rogue.directv.com/,Audience Network,United States
677,Rome,English,"Drama, Action, Adventure",2005-08-28,Ended,60.0,https://www.hbo.com/rome,HBO,United States
1525,Ronin Warriors,Japanese,"Action, Adventure, Anime, Science-Fiction",1988-04-30,Ended,30.0,,Nagoya Broadcasting Network,Japan
387,Rookie Blue,English,"Drama, Action, Crime",2010-06-24,Ended,60.0,http://www.globaltv.com/rookieblue/,Global,Canada
690,Roseanne,English,"Comedy, Family",1988-10-18,Ended,30.0,http://abc.go.com/shows/roseanne,ABC,United States
1403,Rosemary's Baby,English,"Drama, Horror, Thriller",2014-05-11,Ended,120.0,,NBC,United States
1868,Rosewood,English,"Drama, Crime, Medical",2015-09-23,Ended,60.0,http://www.fox.com/rosewood,FOX,United States
673,Roswell,English,"Drama, Romance, Science-Fiction",1999-10-06,Ended,60.0,,UPN,United States
1807,Round the Twist,English,Children,1990-08-26,Ended,25.0,,ABC,Australia
771,Royal Pains,English,"Drama, Comedy, Family",2009-06-04,Ended,60.0,http://www.usanetwork.com/royalpains,USA Network,United States
968,Rubicon,English,"Drama, Thriller, Espionage",2010-06-13,Ended,60.0,,AMC,United States
879,Rude Tube,English,Comedy,2008-11-05,Ended,60.0,http://www.channel4.com/programmes/rude-tube,E4,United Kingdom
1543,Rugged Justice,English,Nature,2015-01-18,Ended,60.0,https://www.animalplanet.com/show/northwest-law-animal-planet,Animal Planet,United States
421,Rugrats,English,"Comedy, Children",1991-08-11,Ended,30.0,,Nickelodeon,United States
720,Rules of Engagement,English,"Comedy, Romance",2007-02-05,Ended,30.0,http://www.cbs.com/shows/rules_of_engagement,CBS,United States
1526,RuPaul's Drag Race,English,,2009-02-02,Running,90.0,https://www.mtv.com/shows/rupauls-drag-race,MTV,United States
1906,Rurouni Kenshin: Meiji Kenkaku Romantan,Japanese,"Action, Anime, History",1996-01-10,Ended,25.0,,Fuji TV,Japan
1706,Rush,English,"Drama, Medical",2014-07-17,Ended,60.0,,USA Network,United States
1562,RV Nation,English,,2015-01-21,Ended,30.0,http://www.greatamericancountry.com/shows/rv-nation,Great American Family,United States
1430,Résistance,French,"Drama, War, History",2014-05-19,Ended,60.0,http://www.tf1.fr/resistance/,TF1,France
1664,S Club 7,English,"Drama, Comedy, Music",1999-04-08,Ended,30.0,,BBC One,United Kingdom
976,Sabrina the Teenage Witch,English,"Comedy, Family, Fantasy",1996-09-27,Ended,30.0,,The WB,United States
638,Sacred Journeys with Bruce Feiler,English,,2014-12-16,Ended,120.0,,PBS,United States
1943,Saenai Heroine no Sodatekata,Japanese,"Comedy, Anime, Romance",2015-01-15,Ended,25.0,http://www.saenai.tv/,Fuji TV,Japan
185,Salem,English,"Drama, Thriller, Supernatural",2014-04-20,Ended,60.0,http://www.wgnamerica.com/series/salem,NewsNation,United States
1069,Samantha Who?,English,"Comedy, Romance",2007-10-15,Ended,30.0,,ABC,United States
1603,Samurai Jack,English,"Action, Adventure",2001-08-10,Ended,30.0,http://www.adultswim.com/videos/samurai-jack/,Adult Swim,United States
154,Sanctuary,English,"Drama, Adventure, Science-Fiction",2008-10-03,Ended,60.0,,Syfy,United States
896,Sanjay and Craig,English,"Comedy, Children",2013-05-25,Ended,15.0,,Nicktoons,United States
311,Satisfaction,English,"Drama, Comedy, Romance",2014-07-17,Ended,60.0,http://www.usanetwork.com/satisfaction,USA Network,United States
361,Saturday Night Live,English,"Comedy, Music",1975-10-11,Running,93.0,http://www.nbc.com/saturday-night-live,NBC,United States
1252,Saved by the Bell,English,Comedy,1989-08-20,Ended,30.0,https://www.nbc.com/saved-by-the-bell,NBC,United States
943,Saving Grace,English,"Drama, Crime, Fantasy",2007-07-23,Ended,60.0,,TNT,United States
271,Saving Hope,English,"Drama, Fantasy, Medical",2012-06-07,Ended,60.0,http://www.ctv.ca/SavingHope.aspx,CTV,Canada
1189,Say Yes to the Dress: Since the Big Day,English,,2011-10-14,Ended,60.0,,TLC,United States
98,Scandal,English,"Drama, Thriller",2012-04-05,Ended,60.0,http://abc.go.com/shows/scandal,ABC,United States
1775,Schitt's Creek,English,Comedy,2015-01-13,Ended,30.0,http://www.cbc.ca/schittscreek/,CBC,Canada
44,Scorpion,English,"Drama, Action, Thriller",2014-09-22,Ended,60.0,http://www.cbs.com/shows/scorpion/,CBS,United States
1813,Scott and Bailey,English,"Drama, Crime",2011-05-29,Ended,60.0,,ITV1,United Kingdom
1688,Scoundrels,English,"Drama, Comedy",2010-06-20,Ended,60.0,http://www.abc.go.com/shows/scoundrels,ABC,United States
1862,Scream Queens,English,"Comedy, Horror",2015-09-22,Ended,60.0,http://www.fox.com/scream-queens,FOX,United States
1791,Scream: The TV Series,English,"Horror, Mystery",2015-06-30,Ended,60.0,http://www.vh1.com/shows/scream-the-tv-series,VH1,United States
532,Scrubs,English,"Drama, Comedy, Medical",2001-10-02,Ended,30.0,http://abc.go.com/,ABC,United States
1527,Sean Saves the World,English,"Comedy, Family",2013-10-03,Ended,30.0,http://www.nbc.com/sean-saves-the-world,NBC,United States
1867,Second Chance,English,"Drama, Crime, Science-Fiction",2016-01-13,Ended,60.0,http://www.fox.com/lookinglass,FOX,United States
1891,Secret Agent Man,English,"Action, Thriller",2000-03-07,Ended,60.0,,UPN,United States
865,Secret Diary of a Call Girl,English,"Drama, Adult",2007-09-27,Ended,30.0,,ITV2,United Kingdom
338,Secrets and Lies,English,"Drama, Crime, Thriller",2015-03-01,Ended,60.0,http://abc.go.com/shows/secrets-and-lies/news/updates/secrets-and-lies-returning-for-season-2-050815,ABC,United States
372,See Dad Run,English,Comedy,2012-10-06,Ended,30.0,,nick@nite,United States
1559,See No Evil,English,"Drama, Crime, Mystery",2015-02-17,Running,60.0,https://www.investigationdiscovery.com/tv-shows/see-no-evil/,Investigation Discovery,United States
1528,Seed,English,Comedy,2013-02-04,Ended,30.0,,Citytv,Canada
530,Seinfeld,English,Comedy,1989-07-05,Ended,30.0,http://www.sonypictures.com/tv/seinfeld/,NBC,United States
125,Selfie,English,"Comedy, Romance",2014-09-30,Ended,30.0,,ABC,United States
1367,Sense8,English,"Drama, Science-Fiction, Thriller",2015-06-05,Ended,,https://www.netflix.com/title/80025744,,
1938,Serial Experiments Lain,Japanese,"Anime, Science-Fiction, Thriller",1998-07-06,Ended,30.0,,TV Tokyo,Japan
1149,Seven Ages of Rock,English,Music,2007-05-19,Ended,60.0,,BBC Two,United Kingdom
676,Sex and the City,English,"Drama, Comedy, Romance",1998-06-06,Ended,30.0,http://www.hbo.com/sex-and-the-city,HBO,United States
1583,Sex Box,English,,2015-02-27,Ended,60.0,,WE tv,United States
1181,Sex Sent Me to the ER,English,,2013-12-28,Ended,60.0,,TLC,United States
1584,Sex Sent Me to the Slammer,English,,2015-02-06,Ended,30.0,,Investigation Discovery,United States
1846,Sex&Drugs&Rock&Roll,English,"Comedy, Music",2015-07-16,Ended,30.0,http://www.fxnetworks.com/shows/sex-drugs-rock-roll/episodes,FX,United States
1687,"Sex, Death and the Meaning of Life",English,,2012-10-12,Ended,45.0,https://web.archive.org/web/20161204085835/http://www.channel4.com/programmes/sex-death-and-the-meaning-of-life,Channel 4,United Kingdom
746,Shameless,English,"Drama, Comedy, Family",2004-01-13,Ended,60.0,http://www.channel4.com/programmes/shameless,Channel 4,United Kingdom
150,Shameless,English,"Drama, Comedy, Family",2011-01-09,Ended,60.0,http://www.sho.com/sho/shameless/home,Paramount+ with Showtime,United States
329,Shark Tank,English,,2009-08-09,Running,60.0,https://abc.com/shows/shark-tank,ABC,United States
704,Shaun the Sheep,English,"Comedy, Children",2007-03-05,To Be Determined,,http://www.bbc.co.uk/cbbc/shows/shaun-the-sheep,,
1498,Shear Genius,English,,2007-04-11,Ended,60.0,,Bravo,United States
335,Sherlock,English,"Drama, Crime, Mystery",2010-07-25,Ended,90.0,http://www.bbc.co.uk/programmes/b018ttws,BBC One,United Kingdom
1852,Shetland,English,"Drama, Crime, Mystery",2013-03-10,Running,60.0,http://www.bbc.co.uk/programmes/p01s711r,BBC One,United Kingdom
1965,Shingeki no Bahamut Genesis,Japanese,"Action, Anime, Fantasy",2014-10-06,Ended,25.0,https://shingekinobahamut-virginsoul.jp/,TBS,Japan
1966,Shirobako,Japanese,"Drama, Anime, Crime",2014-10-09,Ended,30.0,http://shirobako-anime.com/,Tokyo MX,Japan
1379,Siberia,English,"Drama, Science-Fiction, Thriller",2013-07-01,Ended,60.0,,NBC,United States
285,"Signed, Sealed, Delivered",English,"Romance, Mystery",2013-10-12,To Be Determined,120.0,http://www.hallmarkmoviesandmysteries.com/signed-sealed-delivered,Hallmark Mystery,United States
1873,Significant Mother,English,Comedy,2015-08-03,Ended,30.0,https://www.cwtv.com/shows/significant-mother,The CW,United States
1330,Significant Others,English,Drama,1998-03-11,Ended,60.0,,FOX,United States
938,Silent Witness,English,"Drama, Crime",1996-02-21,Running,,http://www.bbc.co.uk/programmes/b007y6k8,,
143,Silicon Valley,English,Comedy,2014-04-06,Ended,30.0,http://www.hbo.com/silicon-valley/,HBO,United States
1893,Silk Stalkings,English,"Drama, Action, Crime",1991-11-07,Ended,60.0,,USA Network,United States
1499,Simon & Simon,English,Drama,1981-11-24,Ended,60.0,,CBS,United States
856,Sinbad,English,"Action, Adventure, Fantasy",2012-07-08,Ended,60.0,,Sky Showcase,United Kingdom
364,Single Ladies,English,"Drama, Romance",2011-05-30,Ended,60.0,,BET Her,United States
366,Sirens,English,Comedy,2014-03-06,Ended,30.0,http://www.usanetwork.com/sirens,USA Network,United States
1390,Sister Wives,English,,2010-09-26,Running,60.0,https://go.tlc.com/show/sister-wives-tlc,TLC,United States
1068,Six Degrees,English,"Drama, Mystery",2006-09-21,Ended,60.0,,ABC,United States
367,Six Feet Under,English,"Drama, Comedy",2001-06-03,Ended,60.0,http://www.hbo.com/six-feet-under,HBO,United States
548,Skins,English,"Drama, Comedy",2007-01-25,Ended,60.0,http://www.channel4.com/programmes/skins,E4,United Kingdom
1892,Sledge Hammer!,English,"Comedy, Action",1986-09-23,Ended,30.0,,ABC,United States
420,Slednecks,English,,2014-10-30,Ended,30.0,,MTV,United States
1222,Sleeper Cell,English,"Drama, Crime, Espionage",2005-12-04,Ended,60.0,,Paramount+ with Showtime,United States
42,Sleepy Hollow,English,"Drama, Mystery, Supernatural",2013-09-16,Ended,60.0,http://www.fox.com/sleepy-hollow,FOX,United States
583,Sliders,English,"Adventure, Fantasy, Science-Fiction",1995-03-22,Ended,60.0,,Syfy,United States
1283,Slings & Arrows,English,"Drama, Comedy, Romance",2003-11-03,Ended,60.0,,Crave,Canada
435,Smallville,English,"Drama, Adventure, Science-Fiction",2001-10-16,Ended,60.0,,The CW,United States
401,Smash,English,Drama,2012-02-06,Ended,60.0,https://www.nbc.com/smash,NBC,United States
1501,Smash Lab,English,,2007-12-26,Ended,60.0,,Discovery,United States
974,Snapped,English,Crime,2004-08-06,Running,60.0,http://www.oxygen.com/snapped,Oxygen True Crime,United States
419,Snooki & JWoww,English,,2012-06-21,Ended,30.0,,MTV,United States
1952,Snuff Box,English,Comedy,2006-02-27,Ended,30.0,http://www.bbc.co.uk/programmes/p00tjpm9,BBC Three,United Kingdom
816,So You Think You Can Dance,English,Music,2005-07-20,To Be Determined,60.0,http://www.fox.com/so-you-think-you-can-dance,FOX,United States
707,Sofia the First,English,"Adventure, Children, Fantasy",2013-01-11,Ended,30.0,https://www.disneyjunior.disney.com/sofia-the-first,Disney Channel,United States
911,Some Girls,English,Comedy,2012-11-06,Ended,30.0,http://www.bbc.co.uk/programmes/p01gkh5q,BBC Three,United Kingdom
1191,"Something Borrowed, Something New",English,,2013-02-08,Ended,30.0,,TLC,United States
477,Son of the Beach,English,Comedy,2000-03-14,Ended,30.0,,FX,United States
489,Sonic Boom,English,"Comedy, Action, Children",2014-11-08,Ended,30.0,,Boomerang,United States
76,Sons of Anarchy,English,"Drama, Action, Crime",2008-09-03,Ended,60.0,http://www.fxnetworks.com/shows/sons-of-anarchy/,FX,United States
1037,Sons of Guns,English,,2011-01-26,Ended,30.0,,Discovery,United States
615,Sons of Liberty,English,"Drama, Action, History",2015-01-25,Ended,120.0,http://www.history.com/shows/sons-of-liberty/about,History,United States
1838,Sons of Winter,English,,2015-04-28,Ended,60.0,https://www.discovery.com/tv-shows/sons-of-winter/,Discovery,United States
1933,Sorcerer Hunters,Japanese,"Action, Adventure, Fantasy",1995-10-03,Ended,30.0,,TV Tokyo,Japan
1034,Sorority Sisters,English,,2014-12-15,Ended,60.0,,VH1,United States
1067,South of Nowhere,English,Drama,2005-11-04,Ended,30.0,,TeenNick,United States
112,South Park,English,Comedy,1997-08-13,Running,22.0,https://www.cc.com/shows/south-park,Comedy Central,United States
1066,South Riding,English,"Drama, Romance",2011-02-20,Ended,60.0,http://www.bbc.co.uk/programmes/b00y5gm3,BBC One,United Kingdom
259,Southern Justice,English,Crime,2014-04-15,Ended,60.0,http://channel.nationalgeographic.com/southern-justice/,National Geographic,United States
674,Southland,English,"Drama, Crime, Thriller",2009-04-09,Ended,60.0,https://www.fox.com/southland/,FOX,United States
1065,Spaced,English,Comedy,1999-09-24,Ended,30.0,http://www.channel4.com/programmes/spaced,Channel 4,United Kingdom
716,Spartacus,English,"Drama, Action, History",2010-01-22,Ended,60.0,https://www.starz.com/us/en/series/spartacus/5972,STARZ,United States
358,Spartacus: Gods of the Arena,English,"Drama, Action, History",2011-01-21,Ended,60.0,https://www.starz.com/us/en/series/spartacus/season-2/8893,STARZ,United States
1928,Spawn,English,"Action, Horror, Supernatural",1997-05-16,Ended,30.0,,HBO,United States
1921,Special Unit 2,English,"Comedy, Action, Horror",2001-04-11,Ended,60.0,,UPN,United States
1611,Spider-Man,English,"Action, Adventure, Science-Fiction",1994-11-19,Ended,30.0,https://www.disneyplus.com/en-nl/series/spider-man/5IOvHdSZO9kv,FOX,United States
1529,Spider-Man Unlimited,English,"Action, Adventure, Science-Fiction",1999-10-02,Ended,30.0,,FOX,United States
1534,Spies of Warsaw,English,"Drama, Thriller, Espionage",2013-01-09,Ended,90.0,http://www.bbc.co.uk/programmes/b01pw43c,BBC Four,United Kingdom
656,Spin City,English,Comedy,1996-09-17,Ended,30.0,,ABC,United States
713,SpongeBob SquarePants,English,"Comedy, Adventure, Fantasy",1999-05-01,Running,15.0,http://www.nick.com/spongebob-squarepants/,Nickelodeon,United States
657,Spooks,English,"Drama, Thriller, Espionage",2002-05-13,Ended,60.0,http://www.bbc.co.uk/programmes/b006mf4b,BBC One,United Kingdom
1544,Sports Illustrated: Swimsuit,English,,1992-02-09,Ended,60.0,,Audience Network,United States
1284,Sports Night,English,"Drama, Comedy, Sports",1998-09-22,Ended,30.0,,ABC,United States
1766,Spotless,French,"Drama, Crime",2015-03-16,Ended,60.0,,Canal+,France
1000,Squidbillies,English,Comedy,2005-10-16,Ended,15.0,https://www.adultswim.com/videos/squidbillies,Adult Swim,United States
86,Stalker,English,"Crime, Thriller",2014-10-01,Ended,60.0,,CBS,United States
1882,Stan Lee's Superhumans,English,,2010-08-05,Ended,60.0,http://www.history.com/shows/stan-lees-superhumans,Vice TV,United States
1331,Standoff,English,"Drama, Action, Crime",2006-09-05,Ended,60.0,,FOX,United States
490,Star Trek,English,"Action, Adventure, Science-Fiction",1966-09-08,Ended,60.0,,NBC,United States
493,Star Trek: Deep Space Nine,English,"Action, Adventure, Science-Fiction",1993-01-03,Ended,60.0,,Syndication,United States
714,Star Trek: Enterprise,English,"Action, Adventure, Science-Fiction",2001-09-26,Ended,60.0,,UPN,United States
491,Star Trek: The Next Generation,English,"Action, Adventure, Science-Fiction",1987-09-28,Ended,60.0,,Syndication,United States
492,Star Trek: Voyager,English,"Action, Adventure, Science-Fiction",1995-01-16,Ended,60.0,,UPN,United States
1551,Star vs. the Forces of Evil,English,"Comedy, Adventure, Children",2015-01-18,Ended,15.0,http://disneyxd.disney.com/star-vs-the-forces-of-evil,Disney XD,United States
1259,Star Wars: Clone Wars,English,"Action, Family, Science-Fiction",2003-11-07,Ended,15.0,,Cartoon Network,United States
117,Star Wars: Rebels,English,"Action, Adventure, Science-Fiction",2014-09-29,Ended,30.0,https://disneynow.com/shows/star-wars-rebels,Disney XD,United States
563,Star Wars: The Clone Wars,English,"Action, Adventure, Science-Fiction",2008-10-03,Ended,30.0,https://www.starwars.com/series/star-wars-the-clone-wars,,
189,Star-Crossed,English,"Drama, Romance, Science-Fiction",2014-02-17,Ended,60.0,http://www.cwtv.com/shows/star-crossed/,The CW,United States
206,Stargate Atlantis,English,"Action, Adventure, Science-Fiction",2004-07-16,Ended,60.0,http://stargate.mgm.com/view/series/2/index.html,Syfy,United States
204,Stargate SG·1,English,"Action, Adventure, Science-Fiction",1997-07-27,Ended,60.0,http://stargate.mgm.com/view/series/1/index.html,Syfy,United States
207,Stargate Universe,English,"Action, Adventure, Science-Fiction",2009-10-02,Ended,60.0,http://stargate.mgm.com/view/series/3/index.html,Syfy,United States
1919,Starhunter,English,"Drama, Action, Science-Fiction",2000-11-01,Ended,60.0,,CTV Sci-Fi Channel,Canada
1951,StarTalk,English,,2015-04-20,Ended,60.0,https://www.nationalgeographic.com/tv/shows/startalk-with-neil-degrasse-tyson,National Geographic,United States
159,State of Affairs,English,"Drama, Thriller",2014-11-17,Ended,60.0,,NBC,United States
1785,Stephen King's The Stand,English,"Drama, Fantasy, Horror",1994-05-08,Ended,90.0,,ABC,United States
1615,Steven Universe,English,"Action, Adventure, Science-Fiction",2013-11-04,Ended,15.0,http://www.cartoonnetwork.com/video/steven-universe/index.html,Cartoon Network,United States
1502,Still Standing,English,Comedy,2002-09-30,Ended,30.0,,CBS,United States
1844,Stitchers,English,"Drama, Crime, Science-Fiction",2015-06-02,Ended,60.0,http://freeform.go.com/shows/stitchers,Freeform,United States
1618,Stone Quackers,English,Comedy,2014-10-31,Ended,15.0,,FXX,United States
898,Storage Hunters,English,,2011-06-21,Ended,30.0,,truTV,United States
860,Storage Wars,English,,2010-12-01,Running,60.0,http://www.aetv.com/shows/storage-wars,A&E,United States
1406,Stranded,English,,2013-02-27,Ended,60.0,,Syfy,United States
244,Strange Empire,English,"Drama, Western",2014-10-06,Ended,60.0,http://www.cbc.ca/strangeempire/,CBC,Canada
1623,Strange Love,English,Romance,2015-03-04,Ended,30.0,,TLC,United States
927,Strange Sex,English,,2010-07-18,Ended,30.0,http://www.tlc.com/tv-shows/strange-sex/,TLC,United States
616,Street Art Throwdown,English,,2015-02-03,Ended,60.0,http://www.oxygen.com/street-art-throwdown,Oxygen True Crime,United States
1342,Street Outlaws,English,,2013-06-10,Running,60.0,https://go.discovery.com/show/street-outlaws-discovery,Discovery,United States
1202,Street Outlaws: Full Throttle,English,,2013-06-21,Running,60.0,,Discovery,United States
804,Strike Back,English,"Drama, Action, War",2010-05-05,Ended,60.0,https://www.cinemax.com/strike-back,Cinemax,United States
497,Strip the Cosmos,English,"Mystery, Nature, History",2014-11-12,Ended,,http://www.sciencechannel.com/tv-shows/strip-the-cosmos/,Science,United States
1890,Stripperella,English,Action,2003-06-26,Ended,30.0,,Paramount Network,United States
1063,Studio 60 on the Sunset Strip,English,"Drama, Comedy",2006-09-18,Ended,60.0,,NBC,United States
1205,Suave Says,English,,2014-12-03,Ended,30.0,,VH1,United States
811,Suburgatory,English,Comedy,2011-09-28,Ended,30.0,,ABC,United States
1673,Suikoden,Japanese,"Drama, Action, Adventure",1973-10-02,Ended,55.0,,NTV,Japan
172,Suits,English,"Drama, Legal",2011-06-23,Ended,60.0,http://www.usanetwork.com/suits,USA Network,United States
1285,Summer Heights High,English,"Drama, Comedy, Family",2007-09-05,Ended,30.0,,ABC,Australia
1221,Super Fun Night,English,Comedy,2013-10-02,Ended,30.0,,ABC,United States
1627,Supercar Superbuild,English,,2014-10-09,Ended,60.0,http://www.questtv.co.uk/?attachment_id=8956,Quest,United Kingdom
1850,Supergirl,English,"Drama, Action, Science-Fiction",2015-10-26,Ended,60.0,http://www.cwtv.com/shows/supergirl,The CW,United States
1959,Superjail!,English,"Comedy, Crime",2007-05-13,Ended,15.0,http://www.adultswim.com/videos/superjail/,Adult Swim,United States
1957,Superman: The Animated Series,English,"Action, Adventure, Science-Fiction",1996-09-06,Ended,30.0,,The WB,United States
19,Supernatural,English,"Drama, Action, Supernatural",2005-09-13,Ended,60.0,http://www.cwtv.com/shows/supernatural,The CW,United States
1864,Superstore,English,Comedy,2015-11-30,Ended,30.0,http://www.nbc.com/superstore,NBC,United States
1724,Surviving the Cut,English,,2015-03-18,Ended,60.0,http://www.discovery.com/tv-shows/surviving-the-cut/,Discovery,United States
114,Survivor,English,Adventure,2000-05-31,Running,90.0,http://www.cbs.com/shows/survivor/,CBS,United States
209,Survivor's Remorse,English,"Drama, Comedy, Sports",2014-10-04,Ended,30.0,http://www.starz.com/originals/survivorsremorse/featured,STARZ,United States
1604,Survivorman,English,,2005-04-06,Ended,60.0,,Science,United States
1062,Survivors,English,"Drama, Science-Fiction",2008-11-23,Ended,60.0,,BBC One,United Kingdom
1607,Survivors,English,,1975-04-16,Ended,50.0,,BBC One,United Kingdom
1781,Swab Stories,English,,2015-04-27,Ended,60.0,,VH1,United States
934,Swamp People,English,"Adventure, Nature",2010-08-22,Running,90.0,http://www.history.com/shows/swamp-people,History,United States
1286,Swingtown,English,"Drama, Comedy",2008-06-05,Ended,60.0,,CBS,United States
362,Switched at Birth,English,"Drama, Family",2011-06-06,Ended,60.0,,Freeform,United States
1954,Sym-Bionic Titan,English,"Action, Science-Fiction",2010-09-17,Ended,30.0,,Cartoon Network,United States
874,Taboo,English,,2002-09-30,Ended,60.0,,National Geographic,United States
1931,Taiho Shichau zo,Japanese,"Comedy, Action, Anime, Crime",1996-10-05,Ended,22.0,,TBS,Japan
1889,Taken,English,Science-Fiction,2002-12-02,Ended,90.0,,Syfy,United States
453,Tales from the Crypt,English,"Comedy, Fantasy, Horror",1989-06-10,Ended,30.0,,HBO,United States
1003,Talking Bad,English,,2013-08-11,Ended,30.0,,AMC,United States
272,Talking Dead,English,,2011-10-17,To Be Determined,60.0,https://www.amc.com/twdu/talking-dead/,AMC,United States
719,Tanked,English,,2011-08-07,Ended,60.0,http://www.animalplanet.com/tv-shows/tanked/,Animal Planet,United States
1916,Tatakau Shisho: The Book of Bantorra,Japanese,"Action, Adventure, Anime, Fantasy",2009-10-02,Ended,25.0,,Animax,Japan
1798,Tatau,English,"Drama, Crime, Fantasy",2015-04-12,Ended,60.0,http://www.bbc.co.uk/programmes/p02ldr6x,BBC Three,United Kingdom
1332,Tattoo Nightmares,English,,2012-10-16,Ended,30.0,http://www.spike.com/shows/tattoo-nightmares,Paramount Network,United States
880,Tattoos After Dark,English,,2014-01-01,Ended,30.0,http://www.oxygen.com/tattoos-after-dark,Oxygen True Crime,United States
765,Teen Titans,English,"Action, Adventure, Science-Fiction",2003-07-19,Ended,30.0,,Cartoon Network,United States
706,Teen Titans Go!,English,"Comedy, Action, Science-Fiction",2013-04-23,Running,15.0,http://www.cartoonnetwork.com/video/teen-titans-go/,Cartoon Network,United States
176,Teen Wolf,English,"Drama, Romance, Supernatural",2011-06-05,Ended,60.0,http://www.mtv.com/shows/teen-wolf,MTV,United States
668,Teenage Mutant Ninja Turtles,English,"Comedy, Action, Science-Fiction",2012-09-28,Ended,30.0,http://www.nick.com/ninja-turtles/,Nicktoons,United States
736,Teenage Mutant Ninja Turtles,English,"Comedy, Action, Science-Fiction",2003-02-08,Ended,30.0,,The CW,United States
462,TekWar,English,"Action, Science-Fiction",1994-12-22,Ended,60.0,,Syndication,United States
478,Terminator: The Sarah Connor Chronicles,English,"Drama, Action, Science-Fiction",2008-01-13,Ended,60.0,,FOX,United States
516,Terra Nova,English,"Action, Adventure, Science-Fiction",2011-09-26,Ended,60.0,,FOX,United States
1061,Terriers,English,"Drama, Comedy, Crime",2010-09-08,Ended,60.0,,FX,United States
1747,Texas Rising,English,"Drama, Action, Western",2015-05-25,Ended,90.0,http://www.history.com/shows/texas-rising,History,United States
587,That '70s Show,English,Comedy,1998-08-23,Ended,30.0,,FOX,United States
1974,That '80s Show,English,Comedy,2002-01-23,Ended,30.0,,FOX,United States
1503,That Girl,English,Comedy,1966-09-08,Ended,30.0,,ABC,United States
1666,That's My Bush!,English,Comedy,2001-04-04,Ended,30.0,,Comedy Central,United States
1408,That's So Raven,English,"Comedy, Children, Fantasy",2003-01-17,Ended,30.0,,Disney Channel,United States
6,The 100,English,"Action, Adventure, Science-Fiction",2014-03-19,Ended,60.0,http://www.cwtv.com/shows/the-100/,The CW,United States
1051,The 10th Kingdom,English,"Drama, Adventure, Fantasy",2000-02-27,Ended,60.0,,NBC,United States
483,The 4400,English,"Drama, Science-Fiction, Mystery",2004-07-11,Ended,60.0,,USA Network,United States
1058,The A-Team,English,"Action, Adventure",1983-01-23,Ended,60.0,,NBC,United States
1305,"The Adventures of Brisco County, Jr.",English,"Adventure, Science-Fiction, Western",1993-08-27,Ended,60.0,,FOX,United States
438,The Adventures of Sinbad,English,"Action, Adventure",1996-09-28,Ended,60.0,,Syndication,United States
1055,The Adventures of Tintin,English,"Adventure, Children, Mystery",1992-10-18,Ended,30.0,,Family Channel,Canada
1762,The Adventures of Tom Sawyer,Japanese,"Drama, Adventure",1980-01-06,Ended,25.0,,Fuji TV,Japan
127,The Affair,English,"Drama, Romance",2014-10-12,Ended,60.0,http://www.sho.com/sho/the-affair/home,Paramount+ with Showtime,United States
365,The After,English,"Drama, Science-Fiction, Mystery",2014-02-06,Ended,,,,
1975,The Agency,English,"Drama, Crime",2001-09-27,Ended,60.0,,CBS,United States
18,The Amazing Race,English,"Action, Adventure, Family",2001-09-05,Running,90.0,http://www.cbs.com/shows/amazing_race/,CBS,United States
1599,The Ambassador,English,Drama,1998-01-04,Ended,50.0,,BBC One,United Kingdom
157,The Americans,English,"Drama, Espionage",2013-01-30,Ended,60.0,http://www.fxnetworks.com/theamericans,FX,United States
1057,The Assets,English,Thriller,2014-01-02,Ended,60.0,,ABC,United States
609,The Astronaut Wives Club,English,"Drama, History",2015-06-18,Ended,60.0,http://abc.go.com/shows/the-astronaut-wives-club,ABC,United States
1929,The Avengers,English,"Comedy, Action, Crime",1961-01-07,Ended,60.0,,ITV1,United Kingdom
671,The Avengers: Earth's Mightiest Heroes!,English,"Action, Adventure, Science-Fiction",2010-09-22,Ended,30.0,,Disney XD,United States
914,The Bachelor,English,Romance,2002-03-25,Running,120.0,https://abc.com/show/294366f4-0130-4c40-97b2-387c154e7eff,ABC,United States
743,The Bachelorette,English,Romance,2003-01-08,Running,120.0,https://abc.com/shows/the-bachelorette,ABC,United States
1977,The Bad Girl's Guide,English,Comedy,2005-05-24,Ended,30.0,,UPN,United States
481,The Batman,English,"Action, Adventure, Science-Fiction",2004-09-11,Ended,30.0,,The CW,United States
1721,The Bible,English,"Drama, Action, Adventure",2013-03-03,Ended,60.0,,History,United States
66,The Big Bang Theory,English,Comedy,2007-09-24,Ended,30.0,http://www.cbs.com/shows/big_bang_theory/,CBS,United States
762,The Big C,English,"Drama, Comedy",2010-08-16,Ended,30.0,,Paramount+ with Showtime,United States
97,The Biggest Loser,English,,2004-10-19,Ended,60.0,https://www.usanetwork.com/the-biggest-loser,USA Network,United States
1287,The Black Donnellys,English,"Drama, Crime",2007-02-26,Ended,60.0,,NBC,United States
69,The Blacklist,English,"Drama, Crime, Thriller",2013-09-23,Ended,60.0,https://www.nbc.com/the-blacklist,NBC,United States
1767,The Bletchley Circle,English,"Drama, Crime, Mystery",2012-09-06,Ended,45.0,,ITV1,United Kingdom
1836,The Block,English,,2003-06-01,Running,,https://9now.nine.com.au/the-block,Nine Network,Australia
1812,The Body Farm,English,"Drama, Crime",2011-09-13,Ended,60.0,http://www.bbc.co.uk/programmes/b014sp3c,BBC One,United Kingdom
806,The Bold and the Beautiful,English,"Drama, Family, Romance",1987-03-23,Running,30.0,https://www.cbs.com/shows/the_bold_and_the_beautiful/,CBS,United States
912,The Boondocks,English,Comedy,2005-11-06,Ended,30.0,https://www.adultswim.com/videos/the-boondocks,Adult Swim,United States
1410,The Booth at the End,English,"Drama, Mystery",2010-08-27,Ended,30.0,,,
515,The Borgias,English,"Drama, Romance, History",2011-04-03,Ended,60.0,,Paramount+ with Showtime,United States
1249,The Brady Bunch,English,"Comedy, Family",1969-09-26,Ended,30.0,,ABC,United States
87,The Bridge,English,"Drama, Crime, Thriller",2013-07-10,Ended,60.0,,FX,United States
1831,The Briefcase,English,,2015-05-27,Ended,60.0,,CBS,United States
1822,The Brink,English,"Comedy, War",2015-06-21,Ended,30.0,http://www.hbo.com/the-brink,HBO,United States
411,The Cape,English,"Drama, Crime, Supernatural",2011-01-09,Ended,60.0,,NBC,United States
644,The Carbonaro Effect,English,Comedy,2014-05-15,Ended,30.0,http://www.trutv.com/shows/the-carbonaro-effect/index.html,truTV,United States
203,The Carrie Diaries,English,"Drama, Comedy, Romance",2013-01-14,Ended,60.0,,The CW,United States
1768,The Catherine Tate Show,English,Comedy,2004-02-16,Ended,,http://www.bbc.co.uk/programmes/b006m8fh,BBC Two,United Kingdom
208,The Chair,English,,2014-09-06,Ended,60.0,,STARZ,United States
511,The Chicago Code,English,Drama,2011-02-07,Ended,60.0,,FOX,United States
1026,The City,English,,2008-12-29,Ended,30.0,,MTV,United States
1313,The Class,English,Comedy,2006-09-18,Ended,30.0,,CBS,United States
827,The Cleaner,English,"Drama, Action",2008-07-15,Ended,60.0,,A&E,United States
774,The Cleveland Show,English,Comedy,2009-09-27,Ended,30.0,,FOX,United States
399,The Client List,English,"Drama, Romance",2012-04-08,Ended,60.0,,Lifetime,United States
775,The Closer,English,"Drama, Crime, Mystery",2005-06-13,Ended,60.0,,TNT,United States
247,The Colbert Report,English,Comedy,2005-10-17,Ended,30.0,,Comedy Central,United States
144,The Comeback,English,Comedy,2005-06-05,Running,30.0,http://www.hbo.com/the-comeback,HBO,United States
1594,The Comedians,English,Comedy,2015-04-09,Ended,30.0,,FX,United States
226,The Crazy Ones,English,Comedy,2013-09-26,Ended,30.0,,CBS,United States
1088,The Crimson Petal and the White,English,"Drama, Thriller",2011-04-06,Ended,60.0,http://www.bbc.co.uk/programmes/b00zxc4d,BBC Two,United Kingdom
697,The Critic,English,Comedy,1994-01-26,Ended,30.0,,FOX,United States
1900,The Crow: Stairway to Heaven,English,"Action, Fantasy, Horror",1998-09-25,Ended,60.0,,Syndication,United States
1209,The Curse of Oak Island,English,"Adventure, Mystery, Nature",2014-01-05,Running,63.0,https://www.history.com/shows/the-curse-of-oak-island,History,United States
249,The Daily Show with Jon Stewart,English,Comedy,1999-01-11,Ended,30.0,,Comedy Central,United States
940,The Dead Zone,English,"Drama, Fantasy, Thriller",2002-06-16,Ended,60.0,,USA Network,United States
452,The Deep,English,Drama,2010-08-03,Ended,60.0,http://www.bbc.co.uk/programmes/b00tc8r5,BBC One,United Kingdom
1288,The Deep End,English,"Drama, Crime, Legal",2010-01-21,Ended,60.0,,ABC,United States
1217,The Defenders,English,"Drama, Comedy, Legal",2010-09-22,Ended,60.0,,CBS,United States
1093,The Devil's Whore,English,"Drama, War, History",2008-11-19,Ended,60.0,http://www.channel4.com/programmes/the-devils-whore,Channel 4,United Kingdom
1467,The District,English,"Drama, Crime",2000-10-07,Ended,60.0,,CBS,United States
1814,The Doctor Blake Mysteries,English,"Drama, Crime, Mystery",2013-02-01,Ended,60.0,http://www.abc.net.au/tv/programs/doctor-blake-mysteries/,ABC,Australia
995,The Dog Whisperer,English,Family,2004-09-13,Ended,60.0,,National Geographic Wild,United States
1711,The Dovekeepers,English,"Drama, Romance, History",2015-03-31,Ended,120.0,,CBS,United States
957,The Dresden Files,English,"Drama, Fantasy, Mystery",2007-01-21,Ended,60.0,,Syfy,United States
1468,The Drew Carey Show,English,Comedy,1995-09-13,Ended,30.0,,ABC,United States
262,The Driver,English,"Drama, Crime",2014-09-23,Ended,60.0,http://www.bbc.co.uk/programmes/b04jtk4m,BBC One,United Kingdom
1681,The Elegant Universe,English,,2003-10-28,Ended,60.0,,PBS,United States
1707,The Escape Artist,English,"Drama, Thriller, Legal",2013-10-29,Ended,60.0,http://www.bbc.co.uk/programmes/p01jmyrk,BBC One,United Kingdom
457,The Event,English,"Drama, Action, Science-Fiction",2010-09-20,Ended,60.0,,NBC,United States
352,The Exes,English,Comedy,2011-11-30,Ended,30.0,,TV Land,United States
1825,The Expanse,English,"Science-Fiction, Thriller, Mystery",2015-12-14,Ended,,https://www.amazon.com/dp/B07YL9WK1S/,,
1100,The Fades,English,"Drama, Thriller, Supernatural",2011-09-21,Ended,60.0,http://www.bbc.co.uk/programmes/b0129tkw,BBC Three,United Kingdom
320,The Fall,English,"Drama, Crime, Thriller",2013-05-13,Ended,60.0,http://www.bbc.co.uk/programmes/p0295tcf,BBC Two,United Kingdom
1439,The Field of Blood,English,"Drama, Crime, Thriller",2011-08-29,Ended,60.0,http://www.bbc.co.uk/programmes/b037z2yj,BBC One,United Kingdom
866,The Finder,English,"Drama, Comedy, Crime",2012-01-12,Ended,60.0,,FOX,United States
864,The Firm,English,"Drama, Crime, Legal",2012-01-08,Ended,60.0,,NBC,United States
1381,The First 48,English,Crime,2004-06-03,Running,60.0,http://www.aetv.com/shows/the-first-48,A&E,United States
1764,The First World War,English,"War, History",2003-09-20,Ended,50.0,,Channel 4,United Kingdom
13,The Flash,English,"Drama, Action, Science-Fiction",2014-10-07,Ended,60.0,http://www.cwtv.com/shows/the-flash/,The CW,United States
528,The Flash,English,"Action, Adventure, Science-Fiction",1990-09-20,Ended,60.0,,CBS,United States
196,The Following,English,"Drama, Crime, Thriller",2013-01-21,Ended,60.0,,FOX,United States
1289,The Forsyte Saga,English,"Drama, History",2002-04-07,Ended,75.0,,ITV1,United Kingdom
198,The Fosters,English,"Drama, Family, Romance",2013-06-03,Ended,60.0,http://freeform.go.com/shows/the-fosters,Freeform,United States
582,The Fresh Prince of Bel-Air,English,"Comedy, Family",1990-09-10,Ended,30.0,,NBC,United States
333,The Game,English,"Drama, Comedy, Sports",2006-10-01,Ended,30.0,https://www.paramountplus.com/shows/the-game/,,
1436,The Game,English,Drama,2014-11-05,Ended,60.0,,BBC America,United States
213,The Gates,English,"Drama, Crime, Supernatural",2010-06-20,Ended,60.0,,ABC,United States
571,The Glades,English,"Drama, Action, Crime",2010-07-11,Ended,60.0,,A&E,United States
1023,The Glee Project,English,"Drama, Family, Music",2011-06-12,Ended,60.0,http://www.oxygen.com/the-glee-project,Oxygen True Crime,United States
79,The Goldbergs,English,"Comedy, Family",2013-09-24,Ended,30.0,https://abc.com/shows/the-goldbergs,ABC,United States
722,The Golden Girls,English,"Drama, Comedy",1985-09-14,Ended,30.0,,NBC,United States
101,The Good Wife,English,"Drama, Crime, Legal",2009-09-22,Ended,60.0,http://www.cbs.com/shows/the_good_wife/,CBS,United States
1749,The Goodies,English,Comedy,1970-11-08,Ended,30.0,,London Weekend Television,United Kingdom
1772,The Grace Helbig Show,English,Comedy,2015-04-03,Ended,30.0,,E!,United States
751,The Graham Norton Show,English,Comedy,2007-02-22,Running,50.0,http://www.bbc.co.uk/programmes/b006xnzc,BBC One,United Kingdom
661,The Great Christmas Light Fight,English,,2013-12-09,Running,60.0,https://abc.com/shows/the-great-christmas-light-fight,ABC,United States
242,The Great Fire,English,Drama,2014-10-16,Ended,60.0,,ITV1,United Kingdom
508,The Grid,English,"Drama, Thriller",2004-07-19,Ended,60.0,,TNT,United States
847,The Hard Times of RJ Berger,English,Comedy,2010-06-06,Ended,30.0,,MTV,United States
892,The Haunted,English,"Horror, Supernatural",2009-11-22,Ended,60.0,,Animal Planet,United States
930,The Hills,English,,2006-05-31,Ended,30.0,,MTV,United States
763,The Honourable Woman,English,"Drama, Thriller, Espionage",2014-07-03,Ended,60.0,http://www.bbc.co.uk/programmes/p01z78nq,BBC Two,United Kingdom
1103,The Hour,English,"Drama, Thriller, Espionage",2011-07-19,Ended,60.0,http://www.bbc.co.uk/programmes/p00wkgxw,BBC Two,United Kingdom
1913,The Hunger,English,"Drama, Horror, Thriller",1997-07-20,Ended,30.0,,Paramount+ with Showtime,United States
953,The Inbetweeners,English,Comedy,2008-05-01,Ended,30.0,http://www.channel4.com/programmes/the-inbetweeners,E4,United Kingdom
1138,The Inbetweeners,English,Comedy,2012-08-20,Ended,30.0,,MTV,United States
1019,The Inside,English,"Drama, Crime",2005-06-08,Ended,60.0,,FOX,United States
1842,The Island,English,"Action, Adventure",2015-05-25,Ended,60.0,http://nbc.com/the-island,NBC,United States
539,The IT Crowd,English,Comedy,2006-02-03,Ended,30.0,http://www.channel4.com/programmes/the-it-crowd,Channel 4,United Kingdom
1556,The Italian Americans,English,,2015-02-17,Ended,120.0,,PBS,United States
1246,The Jeff Dunham Show,English,Comedy,2009-10-22,Ended,30.0,,Comedy Central,United States
1542,The Jinx: The Life and Deaths of Robert Durst,English,"Crime, Mystery, History",2015-02-08,Ended,45.0,http://www.thejinxhbo.com,HBO,United States
1290,The Job,English,"Comedy, Crime",2001-03-14,Ended,30.0,,ABC,United States
1479,The John Larroquette Show,English,Comedy,1993-09-02,Ended,30.0,,NBC,United States
1685,The Jonathan Ross Show,English,Comedy,2011-09-03,Running,65.0,http://www.itv.com/thejonathanrossshow,ITV1,United Kingdom
1238,The Kennedys,English,"Drama, History",2011-04-03,Ended,60.0,http://www.reelz.com/kennedys/,REELZ,United States
1237,The Kill Point,English,"Drama, Action, Crime",2007-07-22,Ended,60.0,,Paramount Network,United States
35,The Killing,English,"Drama, Crime, Thriller",2011-04-03,Ended,60.0,http://www.amc.com/shows/the-killing,AMC,United States
552,The King of Queens,English,"Comedy, Family",1998-09-21,Ended,30.0,http://www.sonypictures.com/tv/thekingofqueens/,CBS,United States
51,The Knick,English,"Drama, Medical",2014-08-08,Ended,60.0,http://www.cinemax.com/the-knick/,Cinemax,United States
823,The L Word,English,"Drama, Romance",2004-01-15,Ended,60.0,,Paramount+ with Showtime,United States
620,The Last Man on Earth,English,"Comedy, Science-Fiction",2015-03-01,Ended,30.0,http://www.fox.com/the-last-man-on-earth,FOX,United States
21,The Last Ship,English,"Drama, Action, Thriller",2014-06-22,Ended,60.0,http://www.tntdrama.com/shows/the-last-ship,TNT,United States
388,The Late Late Show with Craig Ferguson,English,Comedy,2005-01-03,Ended,60.0,,CBS,United States
265,The Late Show with David Letterman,English,Comedy,1993-08-30,Ended,60.0,,CBS,United States
270,The League,English,"Comedy, Sports",2009-10-29,Ended,30.0,,FXX,United States
1720,The League of Gentlemen,English,Comedy,1999-01-11,Ended,30.0,http://www.bbc.co.uk/programmes/b006t8d1,BBC Two,United Kingdom
138,The Leftovers,English,"Drama, Science-Fiction, Thriller",2014-06-29,Ended,60.0,http://www.hbo.com/the-leftovers,HBO,United States
178,The Legend of Korra,English,"Action, Adventure, Fantasy",2012-04-14,Ended,30.0,http://www.nick.com/legend-of-korra/,Nickelodeon,United States
886,The Legend of Mick Dodge,English,,2014-01-07,Ended,30.0,,National Geographic,United States
340,The Librarians,English,"Action, Adventure, Supernatural",2014-12-07,Ended,60.0,http://www.tntdrama.com/shows/the-librarians.html,TNT,United States
1691,The Listener,English,"Drama, Crime, Supernatural",2009-06-03,Ended,60.0,http://www.ctv.ca/TheListener,CTV,Canada
1203,The Little Couple,English,,2009-05-26,Ended,60.0,https://www.tlc.com/tv-shows/little-couple/,TLC,United States
1734,The Lizzie Borden Chronicles,English,Horror,2015-04-05,Ended,60.0,http://www.mylifetime.com/shows/the-lizzie-borden-chronicles,Lifetime,United States
1303,The Lone Gunmen,English,"Drama, Science-Fiction, Thriller",2001-03-04,Ended,60.0,,FOX,United States
503,The Lost Room,English,"Drama, Science-Fiction, Thriller",2006-12-11,Ended,90.0,,Syfy,United States
502,The Lost World,English,"Action, Adventure, Science-Fiction",1999-04-03,Ended,60.0,,Syndication,United States
50,The Lottery,English,"Drama, Science-Fiction, Thriller",2014-07-20,Ended,60.0,,Lifetime,United States
1484,The Love Boat,English,"Drama, Comedy, Romance",1977-09-24,Ended,60.0,,ABC,United States
961,The Lying Game,English,"Drama, Thriller",2011-08-15,Ended,60.0,http://abcfamily.go.com/shows/lying-game,Freeform,United States
1804,The Man in the High Castle,English,"Drama, Science-Fiction, Thriller",2015-01-15,Ended,,https://www.amazon.com/gp/product/B00RSGFRY8,,
1554,The Manipulation Game,English,,2015-01-26,Ended,60.0,,Science,United States
136,The McCarthys,English,"Comedy, Family",2014-10-30,Ended,30.0,,CBS,United States
116,The Mentalist,English,"Drama, Crime, Mystery",2008-09-23,Ended,60.0,,CBS,United States
1593,The Messengers,English,"Drama, Mystery, Supernatural",2015-04-17,Ended,60.0,,The CW,United States
1291,The Michael J. Fox Show,English,Comedy,2013-09-26,Ended,30.0,,NBC,United States
77,The Middle,English,"Comedy, Family",2009-09-30,Ended,30.0,http://abc.go.com/shows/the-middle,ABC,United States
1116,The Middleman,English,"Drama, Comedy, Science-Fiction",2008-06-16,Ended,60.0,,Freeform,United States
1947,The Mighty Boosh,English,"Comedy, Fantasy, Music",2004-05-18,Ended,30.0,http://www.bbc.co.uk/programmes/b007wds5,BBC Three,United Kingdom
132,The Millers,English,Comedy,2013-10-03,Ended,30.0,http://www.cbs.com/shows/the-millers/,CBS,United States
1207,The Millionaire Matchmaker,English,,2008-01-22,Ended,60.0,,Bravo,United States
1573,The Mind of a Murderer,English,"Drama, Crime, Thriller",2015-02-19,Ended,60.0,,Investigation Discovery,United States
75,The Mindy Project,English,"Comedy, Romance, Medical",2012-09-25,Ended,,http://www.hulu.com/the-mindy-project,,
316,The Missing,English,"Drama, Crime, Thriller",2014-10-28,Ended,60.0,http://www.bbc.co.uk/programmes/b07xt09g,BBC One,United Kingdom
1234,The Mob Doctor,English,"Drama, Medical",2012-09-17,Ended,60.0,,FOX,United States
1326,The Mole,English,,2001-01-09,Ended,60.0,,ABC,United States
1866,The Muppets,English,"Comedy, Children, Family",2015-09-22,Ended,30.0,,ABC,United States
377,The Musketeers,English,"Drama, Action, Adventure",2014-01-19,Ended,60.0,https://www.bbc.co.uk/programmes/b04ww8fq,BBC One,United Kingdom
78,The Mysteries of Laura,English,"Comedy, Crime",2014-09-17,Ended,60.0,http://www.nbc.com/the-mysteries-of-laura,NBC,United States
1119,The Nanny,English,"Comedy, Family",1993-11-03,Ended,30.0,,CBS,United States
229,The Neighbors,English,"Comedy, Science-Fiction",2012-09-26,Ended,30.0,http://abc.go.com/shows/the-neighbors,ABC,United States
1152,The Net,English,Thriller,1998-07-19,Ended,60.0,,USA Network,United States
985,The New Adventures of Old Christine,English,"Comedy, Family",2006-03-13,Ended,30.0,,CBS,United States
1930,The New Avengers,English,"Action, Thriller, Mystery",1976-10-22,Ended,50.0,,ITV1,United Kingdom
292,The NEW Celebrity Apprentice,English,,2008-01-03,Ended,60.0,http://www.nbc.com/the-celebrity-apprentice,NBC,United States
235,The New Normal,English,Comedy,2012-09-10,Ended,30.0,,NBC,United States
151,The Newsroom,English,Drama,2012-06-24,Ended,60.0,https://www.hbo.com/the-newsroom,HBO,United States
294,The Night Shift,English,"Drama, Action, Medical",2014-05-27,Ended,60.0,http://www.nbc.com/the-night-shift,NBC,United States
1389,The Nightly Show with Larry Wilmore,English,,2015-01-19,Ended,30.0,http://www.cc.com/shows/the-nightly-show,Comedy Central,United States
1154,The Nine,English,"Drama, Mystery",2006-10-04,Ended,60.0,,ABC,United States
513,The Nine Lives of Chloe King,English,"Drama, Action, Supernatural",2011-06-14,Ended,60.0,,Freeform,United States
776,The O.C.,English,"Drama, Comedy, Romance",2003-08-05,Ended,60.0,,FOX,United States
739,The Odd Couple,English,Comedy,2015-02-19,Ended,30.0,http://www.cbs.com/shows/the-odd-couple/,CBS,United States
526,The Office,English,Comedy,2005-03-24,Ended,30.0,http://www.nbc.com/the-office,NBC,United States
1292,The Office,English,Comedy,2001-07-09,Ended,,http://www.bbc.co.uk/programmes/b00jd68z,BBC Two,United Kingdom
62,The Originals,English,"Drama, Romance, Supernatural",2013-10-03,Ended,60.0,http://www.cwtv.com/shows/the-originals/,The CW,United States
464,The Pacific,English,"Drama, Action, War",2010-03-14,Ended,60.0,http://www.hbo.com/the-pacific/index.html,HBO,United States
1162,The Paradise,English,"Drama, Romance, History",2012-09-25,Ended,60.0,http://www.bbc.co.uk/programmes/p00vhpsv,BBC One,United Kingdom
1491,The Partridge Family,English,"Comedy, Music",1970-09-25,Ended,30.0,,ABC,United States
425,The Passing Bells,English,"Drama, War, History",2014-11-03,Ended,30.0,http://www.bbc.co.uk/programmes/b04nz99y,BBC One,United Kingdom
426,The People Remember,English,History,2014-11-03,Ended,45.0,http://www.bbc.co.uk/programmes/b06nsc42,BBC One,United Kingdom
1014,The Pillars of the Earth,English,"Drama, Romance, History",2010-07-23,Ended,60.0,,STARZ,United States
636,The Pioneers,English,,2014-12-09,Ended,60.0,,National Geographic,United States
1661,The PJs,English,Comedy,1999-01-10,Ended,30.0,,The WB,United States
1013,The Playboy Club,English,Drama,2011-09-19,Ended,60.0,,NBC,United States
1955,The Powerpuff Girls,English,"Action, Children, Crime",1998-11-18,Ended,30.0,,Cartoon Network,United States
907,The Practice,English,"Drama, Legal",1997-03-04,Ended,60.0,,ABC,United States
1799,The Prancing Elites Project,English,,2015-04-22,Ended,60.0,http://www.oxygen.com/the-prancing-elites-project,Oxygen True Crime,United States
681,The Pretender,English,"Drama, Adventure, Mystery",1996-09-19,Ended,60.0,https://www.thepretenderlives.com/,NBC,United States
471,The Prisoner,English,"Drama, Science-Fiction, Mystery",2009-11-15,Ended,60.0,,AMC,United States
470,The Prisoner,English,"Drama, Science-Fiction, Mystery",1967-10-01,Ended,50.0,,ITV1,United Kingdom
728,The Profit,English,,2013-07-30,Ended,60.0,https://www.cnbc.com/the-profit/,CNBC,United States
597,The Real Housewives of Atlanta,English,,2008-10-07,Running,60.0,http://www.bravotv.com/the-real-housewives-of-atlanta,Bravo,United States
745,The Real Housewives of Beverly Hills,English,,2010-10-14,Running,60.0,http://www.bravotv.com/the-real-housewives-of-beverly-hills,Bravo,United States
521,The Real Housewives of New Jersey,English,,2009-05-12,Running,60.0,http://www.bravotv.com/the-real-housewives-of-new-jersey,Bravo,United States
750,The Real Housewives of New York City,English,,2008-03-04,Running,60.0,http://www.bravotv.com/the-real-housewives-of-new-york-city,Bravo,United States
846,The Real Housewives of Orange County,English,,2006-03-21,Running,60.0,http://www.bravotv.com/the-real-housewives-of-orange-county,Bravo,United States
991,The Real World,English,Drama,1992-05-21,Ended,30.0,,,
371,The Red Road,English,"Drama, Crime, Family",2014-02-27,Ended,60.0,,SundanceTV,United States
650,The Red Tent,English,Drama,2014-12-07,Ended,120.0,http://www.mylifetime.com/movies/the-red-tent,Lifetime,United States
1442,The Returned,English,"Drama, Fantasy, Horror",2015-03-09,Ended,60.0,,A&E,United States
1078,The Riches,English,"Drama, Comedy",2007-03-12,Ended,60.0,,FX,United States
1797,The Ride,English,Music,2015-04-18,Running,60.0,http://www.mtv.pt/programas/the-ride/9aympj,MTV,Portugal
232,The River,English,"Drama, Horror, Supernatural",2012-02-07,Ended,60.0,,ABC,United States
832,The Rockford Files,English,"Drama, Action, Crime",1974-03-27,Ended,60.0,,NBC,United States
1588,The Royals,English,Drama,2015-03-15,Ended,60.0,http://uk.eonline.com/shows/the_royals,E!,United States
970,The Sarah Jane Adventures,English,"Action, Adventure, Science-Fiction",2007-01-01,Ended,,http://www.bbc.co.uk/cbbc/shows/the-sarah-jane-adventures,BBC One,United Kingdom
986,The Sarah Silverman Program,English,Comedy,2007-02-01,Ended,30.0,,Comedy Central,United States
834,The Secret Circle,English,"Drama, Horror, Supernatural",2011-09-15,Ended,60.0,,The CW,United States
758,The Secret Life of the American Teenager,English,"Drama, Comedy, Family",2008-07-01,Ended,60.0,https://www.freeform.com/shows/the-secret-life-of-the-american-teenager,Freeform,United States
1832,The Secret War,English,War,1977-01-05,Ended,50.0,,BBC One,United Kingdom
1665,The Shadow Line,English,"Drama, Crime, Thriller",2011-05-05,Ended,60.0,https://www.bbc.co.uk/programmes/b0111dqc,BBC Two,United Kingdom
663,The Shield,English,"Drama, Crime",2002-03-12,Ended,60.0,,FX,United States
1786,The Shining,English,"Drama, Horror",1997-04-27,Ended,120.0,,ABC,United States
83,The Simpsons,English,"Comedy, Family",1989-12-17,Running,30.0,http://www.fox.com/the-simpsons,FOX,United States
652,The Sisterhood: Becoming Nuns,English,,2014-11-25,Ended,60.0,,Lifetime,United States
1500,The Six Million Dollar Man,English,"Drama, Action, Adventure",1973-03-07,Ended,60.0,https://www.nbc.com/the-six-million-dollar-man,ABC,United States
1176,The Slap,English,Drama,2015-02-12,Ended,60.0,,NBC,United States
1679,The Slim Shady Show,English,"Comedy, Adult",2000-09-16,Ended,5.0,,MTV2,United States
527,The Sopranos,English,"Drama, Crime",1999-01-10,Ended,60.0,http://www.hbo.com/the-sopranos,HBO,United States
261,The Soup,English,Comedy,2004-07-30,Ended,30.0,https://www.eonline.com/shows/the_soup,E!,United States
1848,The Spoils Before Dying,English,"Comedy, Crime",2015-07-08,Ended,30.0,http://www.ifc.com/shows/the-spoils-before-dying,IFC,United States
1377,The Spoils of Babylon,English,Comedy,2014-01-09,Ended,30.0,http://www.ifc.com/shows/the-spoils-of-babylon,IFC,United States
1752,The Starlost,English,"Action, Adventure, Science-Fiction",1973-09-22,Ended,60.0,,CTV,Canada
1064,The State Within,English,"Drama, Thriller",2006-11-02,Ended,60.0,http://www.bbc.co.uk/drama/thestatewithin/,BBC One,United Kingdom
20,The Strain,English,"Drama, Horror, Thriller",2014-07-13,Ended,60.0,http://www.fxnetworks.com/thestrain,FX,United States
1293,The Street,English,Drama,2006-04-13,Ended,60.0,http://www.bbc.co.uk/programmes/b008cbds,BBC One,United Kingdom
915,The Suite Life of Zack and Cody,English,"Comedy, Children, Family",2005-03-18,Ended,25.0,,Disney Channel,United States
1888,The Team,German,"Drama, Crime, Thriller",2015-02-28,Ended,60.0,http://theteam.zdfe-b2b.de,DR1,Denmark
1667,The Thick of It,English,Comedy,2005-05-19,Ended,30.0,http://www.bbc.co.uk/programmes/b006qgrd,BBC Four,United Kingdom
1751,The Three Stooges,English,Comedy,1934-05-05,Ended,20.0,,Syndication,United States
595,The Thundermans,English,"Comedy, Family, Science-Fiction",2013-10-14,Ended,30.0,https://www.nick.com/shows/the-thundermans,Nickelodeon,United States
1669,The Tick,English,"Comedy, Action, Science-Fiction",1994-09-10,Ended,30.0,,FOX,United States
1668,The Tick,English,"Comedy, Action, Science-Fiction",2001-11-08,Ended,30.0,,FOX,United States
1135,The Time Tunnel,English,"Adventure, Science-Fiction",1966-09-09,Ended,60.0,,ABC,United States
200,The Tomorrow People,English,"Action, Science-Fiction",2013-10-09,Ended,60.0,,The CW,United States
718,The Tonight Show Starring Jimmy Fallon,English,Comedy,2014-02-17,Running,60.0,http://www.nbc.com/the-tonight-show,NBC,United States
792,The Tonight Show with Jay Leno,English,Comedy,1992-05-25,Ended,60.0,,NBC,United States
1817,The Truth About Cats,English,,2015-04-24,Ended,60.0,http://channel.nationalgeographic.com/wild/the-truth-about-cats/,National Geographic Wild,United States
712,The Tudors,English,"Drama, History",2007-04-01,Ended,60.0,http://www.sho.com/the-tudors,Paramount+ with Showtime,United States
1985,The Tunnel,English,"Drama, Crime, Thriller",2013-10-16,Ended,60.0,https://www.sky.com/watch/channel/sky-atlantic/the-tunnel-sabotage,,
787,The Twilight Zone,English,"Science-Fiction, Mystery, Supernatural",1959-10-02,Ended,30.0,,CBS,United States
922,The Ultimate Fighter,English,"Drama, Action, Sports",2005-01-17,Running,,https://ufc.com/tuf,,
790,The Unit,English,"Drama, Action, Crime",2006-03-07,Ended,60.0,,CBS,United States
448,The Universe,English,"Adventure, Family, Science-Fiction",2007-05-29,Ended,60.0,http://www.history.com/shows/the-universe,Vice TV,United States
63,The Vampire Diaries,English,"Drama, Romance, Supernatural",2009-09-10,Ended,60.0,http://www.cwtv.com/shows/the-vampire-diaries,The CW,United States
304,The Venture Bros.,English,"Comedy, Adventure",2003-02-16,Ended,30.0,http://www.adultswim.com/videos/the-venture-bros/,Adult Swim,United States
1530,The Vicar of Dibley,English,Comedy,1994-11-10,Ended,30.0,http://www.bbc.co.uk/programmes/b006qgfj,BBC One,United Kingdom
949,The Village,English,"Drama, History",2013-03-31,Ended,60.0,http://www.bbc.co.uk/programmes/b04dybc1,BBC One,United Kingdom
70,The Voice,English,Music,2011-04-26,Running,120.0,http://www.nbc.com/the-voice,NBC,United States
73,The Walking Dead,English,"Drama, Action, Horror",2010-10-31,Ended,,https://www.amc.com/twdu/the-walking-dead,,
1773,The Watch,English,,2015-04-09,Ended,60.0,,National Geographic,United States
523,The West Wing,English,Drama,1999-09-22,Ended,60.0,,NBC,United States
733,The Whispers,English,"Drama, Science-Fiction, Thriller",2015-06-01,Ended,60.0,http://abc.go.com/shows/the-whispers,ABC,United States
1043,The White Queen,English,"Drama, History",2013-06-16,Ended,60.0,http://www.bbc.co.uk/programmes/p018sxqp,BBC One,United Kingdom
1338,The Whole Truth,English,"Drama, Legal",2010-09-22,Ended,60.0,,ABC,United States
1830,The Willis Family,English,"Family, Music",2015-05-05,Ended,60.0,http://www.tlc.com/tv-shows/the-willis-family/,TLC,United States
179,The Wire,English,"Drama, Crime",2002-06-02,Ended,60.0,http://www.hbo.com/the-wire,HBO,United States
1294,The Wonder Years,English,"Drama, Comedy, Family",1988-01-31,Ended,30.0,,ABC,United States
1755,The World Wars,English,War,2014-05-26,Ended,120.0,http://www.history.com/shows/the-world-wars,History,United States
349,The Wrong Mans,English,"Comedy, Crime, Thriller",2013-09-24,Ended,30.0,http://www.bbc.co.uk/programmes/p02bhkmm,BBC Two,United Kingdom
696,The X Factor,English,Music,2004-09-04,Ended,60.0,http://www.itv.com/xfactor,ITV1,United Kingdom
929,The X Factor,English,Music,2011-09-21,Ended,120.0,,FOX,United States
430,The X-Files,English,"Drama, Crime, Science-Fiction",1993-09-10,Ended,60.0,http://www.fox.com/the-x-files,FOX,United States
1409,The Yard,English,Comedy,2011-07-08,Ended,30.0,,HBO,Canada
1040,The Young Indiana Jones Chronicles,English,"Action, Adventure, Fantasy",1992-03-04,Ended,60.0,,ABC,United States
1151,The Young Ones,English,Comedy,1982-11-09,Ended,35.0,http://www.bbc.co.uk/programmes/b00glhzn,BBC Two,United Kingdom
1333,Third Watch,English,"Drama, Crime, Medical",1999-09-23,Ended,60.0,,NBC,United States
1887,This is England,English,"Drama, Crime",2010-09-07,Ended,60.0,http://www.channel4.com/programmes/this-is-england-90,Channel 4,United Kingdom
1802,This Old House,English,DIY,1979-01-01,Running,30.0,http://www.thisoldhouse.com/toh/tv/,PBS,United States
1769,Those Who Kill,English,"Drama, Action, Crime",2014-03-03,Ended,60.0,,A&E,United States
1963,Threshold,English,"Drama, Science-Fiction, Thriller",2005-09-16,Ended,60.0,,CBS,United States
1605,Through the Wormhole,English,"Science-Fiction, Mystery, Nature",2010-06-09,Ended,60.0,http://www.sciencechannel.com/tv-shows/through-the-wormhole/,Science,United States
1878,Thunderbirds Are Go,English,"Action, Adventure, Science-Fiction",2015-04-04,Ended,30.0,http://www.thunderbirds.com/,ITV1,United Kingdom
1134,ThunderCats,English,"Action, Adventure",2011-07-29,Ended,30.0,,Cartoon Network,United States
851,Time Team,English,History,1994-01-16,Ended,60.0,https://www.channel4.com/programmes/time-team,Channel 4,United Kingdom
1418,Tiny House Nation,English,DIY,2014-07-09,Ended,60.0,https://www.aetv.com/shows/tiny-house-nation,A&E,United States
1060,Titanic,English,Drama,2012-03-25,Ended,60.0,http://titanic.globaltv.com/,ITV1,United Kingdom
1349,TNA iMPACT!,English,,2004-06-04,Running,120.0,https://tnawrestling.com/,AXS TV,United States
1876,Todrick,English,,2015-08-31,Ended,30.0,,MTV,United States
1295,Togetherness,English,Comedy,2015-01-11,Ended,30.0,http://www.hbo.com/togetherness/,HBO,United States
1434,Tokyo Airport : Air Traffic Service,Japanese,Drama,2010-10-14,Ended,60.0,http://www.fujitv.co.jp/tokyo-airport/,Fuji TV,Japan
1444,Tokyo Control,Japanese,Drama,2012-10-14,Ended,50.0,,Fuji TV,Japan
1440,Tokyo Ghoul,Japanese,"Drama, Anime, Horror, Supernatural",2014-07-03,Ended,25.0,http://www.marv.jp/special/tokyoghoul/,Tokyo MX,Japan
1770,Top Boy,English,"Drama, Crime, Thriller",2011-10-31,Ended,60.0,https://web.archive.org/web/20180827163853/http://www.channel4.com/programmes/top-boy,Channel 4,United Kingdom
295,Top Chef,English,Food,2006-03-08,Running,75.0,http://www.bravotv.com/top-chef,Bravo,United States
888,Top Chef Duels,English,Food,2014-08-06,Ended,60.0,,Bravo,United States
1504,Top Design,English,,2007-01-31,Ended,60.0,,Bravo,United States
296,Top Gear,English,,2010-11-21,Ended,60.0,http://www.history.com/shows/top-gear,History,United States
522,Top Gear,English,,2002-10-20,Ended,60.0,http://www.bbc.co.uk/programmes/b006mj59,BBC One,United Kingdom
1050,Top of the Lake,English,"Drama, Crime, Mystery",2013-03-18,Ended,60.0,http://www.bbc.co.uk/programmes/p057mh5s,,
659,Torchwood,English,"Drama, Science-Fiction",2006-10-22,Ended,,http://www.bbc.co.uk/programmes/b006m8ln,STARZ,United States
260,Tosh.0,English,Comedy,2009-06-04,Ended,30.0,http://tosh.cc.com/,Comedy Central,United States
1391,Total Divas,English,"Drama, Sports",2013-07-28,Ended,60.0,http://www.eonline.com/shows/total_divas,E!,United States
403,Touch,English,"Drama, Science-Fiction, Mystery",2012-01-25,Ended,60.0,,FOX,United States
1375,Touched by an Angel,English,"Drama, Family, Supernatural",1994-09-21,Ended,60.0,,CBS,United States
1765,Tour of Duty,English,"Drama, Action, War",1987-09-24,Ended,60.0,,CBS,United States
245,Town of the Living Dead,English,,2014-10-07,Ended,30.0,,Syfy,United States
302,Trailer Park Boys,English,"Comedy, Crime",2001-04-22,Running,,https://www.netflix.com/title/70153385,,
120,Transparent,English,"Drama, Comedy",2014-09-26,Ended,,https://www.amazon.com/dp/B017I3KWX6,,
248,Transporter: The Series,English,"Action, Adventure, Crime",2013-01-04,Ended,60.0,,RTL,Germany
1670,Treasure Island,English,"Action, Adventure",2012-01-01,Ended,90.0,,Sky Showcase,United Kingdom
1446,Treehouse Masters,English,DIY,2013-05-31,Ended,60.0,http://www.animalplanet.com/tv-shows/treehouse-masters/,Animal Planet,United States
840,Treme,English,"Drama, Music",2010-04-11,Ended,60.0,https://www.hbo.com/treme,HBO,United States
359,TripTank,English,Comedy,2014-04-02,Ended,30.0,http://www.cc.com/shows/triptank,Comedy Central,United States
1136,Tron: Uprising,English,"Action, Adventure",2012-05-18,Ended,30.0,,Disney XD,United States
1049,Trophy Wife,English,Comedy,2013-09-24,Ended,30.0,,ABC,United States
1886,Tropical Heat,English,"Drama, Action, Crime",1991-04-08,Ended,60.0,,CHCH,Canada
1007,Tru Calling,English,"Drama, Fantasy",2003-10-30,Ended,60.0,,FOX,United States
22,True Blood,English,"Drama, Romance, Supernatural",2008-09-07,Ended,60.0,http://www.hbo.com/true-blood,HBO,United States
5,True Detective,English,"Drama, Crime, Thriller",2014-01-12,Running,60.0,https://www.max.com/shows/true-detective/9a4a3645-74e0-4e4d-9f35-31464b402357,HBO,United States
449,True Justice,English,"Drama, Action, Crime",2012-03-30,Ended,60.0,http://www.reelz.com/truejustice/,REELZ,United States
1686,Trust Me,English,Drama,2009-01-26,Ended,60.0,,TNT,United States
186,TURN: Washington's Spies,English,"Drama, War",2014-04-06,Ended,60.0,https://www.amc.com/shows/turn-2--122,AMC,United States
1849,Tut,English,"Drama, Adventure, Romance",2015-07-19,Ended,60.0,http://www.spike.com/shows/tut,Paramount Network,United States
156,Twin Peaks,English,"Crime, Mystery, Supernatural",1990-04-08,Ended,60.0,http://www.sho.com/twin-peaks,Paramount+ with Showtime,United States
224,Twisted,English,"Drama, Thriller, Mystery",2013-03-19,Ended,60.0,http://abcfamily.go.com/shows/twisted,Freeform,United States
130,Two and a Half Men,English,Comedy,2003-09-22,Ended,30.0,http://www.cbs.com/shows/two_and_a_half_men/,CBS,United States
1506,Two Guys and a Girl,English,"Comedy, Romance",1998-03-11,Ended,30.0,,ABC,United States
183,Tyrant,English,"Drama, Thriller",2014-06-24,Ended,60.0,http://www.fxnetworks.com/tyrant,FX,United States
1629,U-Boat War,English,"War, History",1997-07-01,Ended,60.0,,Discovery,United States
1596,UFC Fight Night,English,,2005-08-06,Running,,http://www.ufc.com/,,
1354,UFO Conspiracies,English,,2014-11-19,Ended,60.0,,Science,United States
796,Ugly Betty,English,"Drama, Comedy",2006-09-28,Ended,60.0,,ABC,United States
1048,Ultimate Survival Alaska,English,,2013-05-12,Ended,60.0,,National Geographic,United States
1112,Um Mundo Catita,Portuguese,,2008-11-05,Ended,30.0,,RTP1,Portugal
1368,Unbreakable Kimmy Schmidt,English,Comedy,2015-03-06,Ended,,https://www.netflix.com/title/80025384,,
1617,Uncle Grandpa,English,"Comedy, Children, Fantasy",2013-09-02,Ended,15.0,,Cartoon Network,United States
297,Undateable,English,"Comedy, Romance",2014-05-29,Ended,30.0,http://www.nbc.com/undateable,NBC,United States
1,Under the Dome,English,"Drama, Science-Fiction, Thriller",2013-06-24,Ended,60.0,http://www.cbs.com/shows/under-the-dome/,CBS,United States
1808,Underbelly,English,"Drama, Crime",2008-02-13,Ended,60.0,https://www.9now.com.au/underbelly,Nine Network,Australia
326,Undercover Boss,English,,2010-02-07,Ended,60.0,http://www.cbs.com/shows/undercover_boss/,CBS,United States
1012,Undercovers,English,Drama,2010-09-22,Ended,60.0,,NBC,United States
1613,Underemployed,English,"Drama, Comedy",2012-10-16,Ended,60.0,,MTV,United States
89,Unforgettable,English,"Drama, Crime",2011-09-20,Ended,60.0,http://www.aetv.com/unforgettable,A&E,United States
1699,Unidad Central Operativa,Spanish,,2009-05-28,Ended,,,RTVE,Spain
964,United States of Tara,English,"Drama, Comedy",2009-01-18,Ended,30.0,http://www.sho.com/united-states-of-tara,Paramount+ with Showtime,United States
1224,"Unsere Mütter, unsere Väter",German,"Drama, Action, War",2013-03-17,Ended,90.0,http://www.zdf.de/unsere-muetter-unsere-vaeter/unsere-muetter-unsere-vaeter-26223848.html,ZDF,Germany
512,Up All Night,English,Comedy,2011-09-14,Ended,30.0,,NBC,United States
1047,Upstairs Downstairs,English,Drama,2010-12-26,Ended,60.0,http://www.bbc.co.uk/programmes/p00njdvp,BBC One,United Kingdom
64,Utopia,English,"Drama, Science-Fiction, Thriller",2013-01-15,Ended,60.0,http://www.channel4.com/programmes/utopia,Channel 4,United Kingdom
153,Utopia,English,,2014-09-07,Ended,60.0,,FOX,United States
494,V,English,"Drama, Adventure, Science-Fiction",2009-11-03,Ended,60.0,,ABC,United States
1039,V,English,"Drama, Action, Science-Fiction",1983-05-01,Ended,60.0,,NBC,United States
1885,V.I.P.,English,"Comedy, Action, Crime",1998-09-26,Ended,60.0,,Syndication,United States
1358,Valentine,English,,2008-10-05,Ended,60.0,,The CW,United States
1011,Vanderpump Rules,English,,2013-01-07,Running,60.0,http://www.bravotv.com/vanderpump-rules,Bravo,United States
1550,Vanity Fair Confidential,English,Drama,2015-01-19,Ended,60.0,https://www.investigationdiscovery.com/tv-shows/vanity-fair-confidential/,Investigation Discovery,United States
142,Veep,English,Comedy,2012-04-22,Ended,30.0,http://www.hbo.com/veep/,HBO,United States
231,Vegas,English,Drama,2012-09-25,Ended,60.0,,CBS,United States
1046,Verano Azul,Spanish,"Drama, Comedy, Family",1981-10-11,Ended,60.0,,TVE,Spain
473,Veronica Mars,English,"Drama, Crime, Mystery",2004-09-22,Ended,,https://www.hulu.com/series/veronica-mars-4626972c-9da7-40fe-aed7-977f55f48fc5,,
314,VICE,English,"Drama, Crime",2013-04-05,Ended,30.0,https://www.sho.com/vice,Paramount+ with Showtime,United States
317,Vicious,English,Comedy,2013-04-29,Ended,,,ITV1,United Kingdom
393,Video Game High School,English,"Comedy, Action, Science-Fiction",2012-05-11,Ended,30.0,https://www.rocketjump.com/category/vghs,,
1698,Vientos de Agua,Spanish,Drama,2006-01-03,Ended,,,Telecinco,Spain
29,Vikings,English,"Drama, Action, History",2013-03-03,Ended,60.0,https://www.history.ca/shows/vikings/,History,Canada
1335,Vikings,English,"Drama, Adventure, Fantasy",2012-09-11,Ended,60.0,http://www.bbc.co.uk/programmes/b01ms4sh,BBC Two,United Kingdom
1045,Viper,English,Action,1994-01-02,Ended,60.0,,Syndication,United States
1671,Virtuality,English,"Drama, Action, Adventure",2009-06-26,Ended,60.0,,FOX,United States
1507,Voyagers!,English,"Adventure, Family, Science-Fiction",1982-10-03,Ended,60.0,,NBC,United States
1356,Wahlburgers,English,,2014-01-22,Ended,60.0,http://www.aetv.com/wahlburgers,A&E,United States
611,Wake Up Call,English,Drama,2014-12-12,Ended,60.0,,TNT,United States
946,Waking the Dead,English,"Drama, Crime",2000-09-04,Ended,60.0,http://www.bbc.co.uk/programmes/b006r9ys,BBC One,United Kingdom
1722,Walk of Shame Shuttle,English,,2015-03-12,Ended,30.0,,VH1,United States
468,"Walker, Texas Ranger",English,"Drama, Action, Crime",1993-04-21,Ended,60.0,,CBS,United States
1723,Walking the Nile,English,,2015-01-04,Ended,60.0,http://www.channel4.com/programmes/walking-the-nile,Channel 4,United Kingdom
1220,Wallander,English,"Drama, Crime",2008-11-30,Ended,90.0,http://www.bbc.co.uk/programmes/b00pxtct,BBC One,United Kingdom
1616,Wander Over Yonder,English,"Comedy, Adventure, Science-Fiction",2013-08-16,Ended,15.0,http://disneyxd.disney.com/wander-over-yonder,Disney XD,United States
434,Warehouse 13,English,"Drama, Science-Fiction, Mystery",2009-07-07,Ended,60.0,http://www.syfy.com/warehouse13,Syfy,United States
1672,Watchmen: The Motion Comic,English,"Drama, Action, Science-Fiction",2008-07-17,Ended,30.0,,Syndication,United States
920,Waterloo Road,English,Drama,2006-03-09,Running,,https://www.bbc.co.uk/programmes/b006t1p7,,
1179,Wayward Pines,English,"Drama, Science-Fiction, Mystery",2015-05-14,Ended,60.0,http://www.fox.com/wayward-pines/,FOX,United States
1811,We Can Be Heroes,English,Comedy,2005-07-27,Ended,30.0,,ABC,Australia
148,Web Therapy,English,Comedy,2011-07-19,Ended,30.0,,Paramount+ with Showtime,United States
160,Weeds,English,"Drama, Comedy, Crime",2005-08-07,Ended,30.0,http://www.sho.com/sho/weeds/home,Paramount+ with Showtime,United States
1712,Weird Loners,English,"Comedy, Romance",2015-03-31,Ended,30.0,,FOX,United States
1392,Welcome to Sweden,Swedish,Comedy,2014-03-21,Ended,30.0,,TV4,Sweden
1531,Welcome to the Family,English,Comedy,2013-10-03,Ended,30.0,,NBC,United States
1828,Wentworth,English,"Drama, Crime",2013-05-01,Ended,60.0,https://www.foxtel.com.au/watch/wentworth.html?icid=resi_watch_wentworth_dramas-2020,Showcase,Australia
1371,Westworld,English,"Drama, Science-Fiction, Western",2016-10-02,Ended,60.0,http://www.hbo.com/westworld,HBO,United States
1847,Wet Hot American Summer: First Day of Camp,English,Comedy,2015-07-31,Ended,,https://www.netflix.com/title/80039813,,
1508,What I Like About You,English,"Drama, Comedy",2002-09-20,Ended,30.0,,The WB,United States
1555,What on Earth?,English,"Mystery, Nature, History",2015-02-10,To Be Determined,60.0,http://www.sciencechannel.com/tv-shows/what-on-earth/,Science,United States
1509,What's Happening Now!,English,Comedy,1985-09-02,Ended,30.0,,Syndication,United States
725,Where on Earth is Carmen Sandiego?,English,"Action, Adventure",1994-02-05,Ended,30.0,,FOX,United States
323,White Collar,English,"Drama, Comedy, Crime",2009-10-23,Ended,60.0,https://www.usanetwork.com/whitecollar,USA Network,United States
1044,Whitechapel,English,"Drama, Crime, Mystery",2009-02-02,Ended,60.0,,ITV1,United Kingdom
1411,Whites,English,Comedy,2010-09-28,Ended,30.0,http://www.bbc.co.uk/programmes/b00v3736,BBC Two,United Kingdom
413,Whitney,English,"Comedy, Romance",2011-09-22,Ended,30.0,,NBC,United States
1193,Who the (Bleep) Did I Marry?,English,Crime,2010-08-04,To Be Determined,60.0,http://www.investigationdiscovery.com/tv-shows/who-the-bleep-did-i-marry/,Investigation Discovery,United States
711,Who's the Boss?,English,"Comedy, Family",1984-09-20,Ended,30.0,,ABC,United States
1337,Whodunnit?,English,"Crime, Mystery",2013-06-23,Ended,60.0,https://abc.com/shows/whodunnit,ABC,United States
1336,Whodunnit?,English,"Drama, Crime, Mystery",1979-04-12,Ended,30.0,,NBC,United States
536,Whose Line Is It Anyway?,English,"Comedy, Family",1998-08-05,To Be Determined,30.0,https://www.cwtv.com/shows/whose-line-is-it-anyway/,The CW,United States
1971,Why? With Hannibal Buress,English,Comedy,2015-07-08,Ended,30.0,,Comedy Central,United States
1863,Wicked City,English,"Drama, Crime, Mystery",2015-10-27,Ended,60.0,http://abc.go.com/shows/wicked-city/about-the-show,,
1609,Wicked Tuna,English,,2012-04-01,Ended,60.0,https://www.nationalgeographic.com/tv/shows/wicked-tuna,National Geographic,United States
819,Wife Swap,English,,2004-09-26,Ended,60.0,,ABC,United States
1353,Wild Grinders,English,"Comedy, Sports",2012-04-27,Ended,30.0,,Nicktoons,United States
1884,Wild Palms,English,"Drama, Science-Fiction, Thriller",1993-05-16,Ended,60.0,,ABC,United States
1347,Wild Transport,English,Nature,2015-01-06,Ended,30.0,http://www.aetv.com/shows/wild-transport,A&E,United States
556,Wilfred,English,"Drama, Comedy, Mystery",2011-06-23,Ended,30.0,http://www.fxnetworks.com/wilfred,FXX,United States
549,Will & Grace,English,Comedy,1998-09-21,Ended,30.0,https://www.nbc.com/will-and-grace,NBC,United States
1510,Wings,English,"Drama, Comedy",1990-04-19,Ended,30.0,,NBC,United States
980,Wipeout,English,Comedy,2008-06-24,Ended,60.0,,ABC,United States
1339,Wire in the Blood,English,Drama,2002-11-14,Ended,60.0,,ITV1,United Kingdom
479,Witchblade,English,"Action, Crime, Supernatural",2000-08-27,Ended,60.0,,TNT,United States
47,Witches of East End,English,"Drama, Fantasy, Romance",2013-10-06,Ended,60.0,,Lifetime,United States
813,Without a Trace,English,"Drama, Crime, Thriller",2002-09-26,Ended,60.0,,CBS,United States
1296,Wives and Daughters,English,,1999-11-28,Ended,75.0,,BBC One,United Kingdom
1190,Wives with Knives,English,,2012-11-23,Running,60.0,http://www.investigationdiscovery.com/tv-shows/wives-with-knives/,Investigation Discovery,United States
807,Wizards of Waverly Place,English,"Comedy, Family, Fantasy",2007-10-12,Ended,30.0,http://disneychannel.disney.com/wizards-of-waverly-place,Disney Channel,United States
369,Wizards vs Aliens,English,"Fantasy, Science-Fiction",2012-10-29,Ended,25.0,http://www.bbc.co.uk/cbbc/shows/wizards-vs-aliens,CBBC,United Kingdom
1432,Wolf Hall,English,"Drama, History",2015-01-21,Ended,60.0,https://www.bbc.co.uk/programmes/m002473m,BBC One,United Kingdom
450,Wolf Lake,English,"Drama, Crime, Supernatural",2001-09-19,Ended,60.0,,UPN,United States
1300,Wolfblood,English,"Drama, Action, Supernatural",2012-09-10,Ended,30.0,http://www.bbc.co.uk/cbbc/shows/wolfblood,CBBC,United Kingdom
439,Wolverine and the X-Men,English,"Action, Adventure, Science-Fiction",2008-09-08,Ended,30.0,,Nicktoons,United States
1340,Women's Murder Club,English,"Drama, Crime, Mystery",2007-10-12,Ended,60.0,,ABC,United States
1341,Wonder Woman,English,"Action, Adventure, Fantasy",1975-11-07,Ended,60.0,,CBS,United States
1042,Wonderfalls,English,"Drama, Comedy, Fantasy",2004-10-04,Ended,60.0,http://savewonderfalls.com/,VisionTV,Canada
370,Workaholics,English,Comedy,2011-04-06,Ended,30.0,http://www.cc.com/shows/workaholics,Comedy Central,United States
254,World Series of Poker,English,Sports,2006-08-22,Running,,,,
1041,World Without End,English,"Drama, Romance, History",2012-09-04,Ended,60.0,,Showcase,Canada
1445,Worlds Funniest Fails,English,"Comedy, Family",2015-01-16,Ended,60.0,http://www.fox.com/worlds-funniest,FOX,United States
1423,Worst Place to Be a Pilot,English,Adventure,2014-08-19,Ended,60.0,http://www.channel4.com/programmes/worst-place-to-be-a-pilot,Channel 4,United Kingdom
1563,Would You Rather...? with Graham Norton,English,Comedy,2011-12-03,Ended,60.0,,BBC America,United States
1714,WPC 56,English,"Drama, Crime, Romance",2013-03-18,Ended,45.0,,BBC One,United Kingdom
622,Wrestling with Death,English,,2015-01-13,Ended,30.0,,NewsNation,United States
803,WWE Friday Night SmackDown,English,"Drama, Comedy, Action",1999-04-29,Running,120.0,https://www.usanetwork.com/wwe-friday-night-smackdown,USA Network,United States
802,WWE Monday Night RAW,English,,1993-01-11,Running,,http://www.wwe.com/,,
1564,WWE Slam City,English,"Comedy, Action",2014-03-17,Ended,2.0,,Nicktoons,United States
726,WWII in HD,English,"War, History",2009-11-15,Ended,120.0,http://www.history.com/shows/wwii-in-hd,History,United States
1608,X Company,English,"Drama, War, Espionage",2015-02-18,Ended,60.0,http://www.cbc.ca/xcompany/,CBC,Canada
472,X-Men,English,"Children, Science-Fiction",1992-10-31,Ended,30.0,,FOX,United States
1612,X-Men: Evolution,English,"Action, Adventure, Science-Fiction",2000-11-04,Ended,30.0,,The WB,United States
437,Xena: Warrior Princess,English,"Action, Adventure, Fantasy",1995-09-04,Ended,60.0,,Syndication,United States
444,XIII: The Series,English,"Action, Adventure",2011-04-20,Ended,60.0,,Showcase,Canada
1778,Y Gwyll,Welsh,"Drama, Crime",2013-10-29,Ended,60.0,http://www.s4c.cymru/en/drama/y-gwyll/,S4C,United Kingdom
1944,Yatterman Night,Japanese,"Comedy, Action, Anime, Science-Fiction",2015-01-11,Ended,23.0,http://yatterman.jp/,Tokyo MX,Japan
1606,Yes Minister,English,Comedy,1980-02-25,Ended,30.0,http://www.bbc.co.uk/programmes/b006xtc3,BBC Two,United Kingdom
1511,"Yes, Dear",English,"Comedy, Family",2000-10-02,Ended,30.0,,CBS,United States
386,Yonderland,English,"Comedy, Fantasy",2013-11-10,Ended,30.0,https://www.sky.com/watch/channel/sky-1/yonderland,Sky Showcase,United Kingdom
312,You're the Worst,English,"Drama, Comedy, Romance",2014-07-17,Ended,30.0,http://www.fxnetworks.com/shows/youre-the-worst,FXX,United States
1745,Young & Hungry,English,"Comedy, Food, Romance",2014-06-25,Ended,30.0,http://freeform.go.com/shows/young-and-hungry,Freeform,United States
890,Young Dracula,English,"Comedy, Children, Horror",2006-09-21,Ended,30.0,http://www.bbc.co.uk/cbbc/shows/young-dracula,CBBC,United Kingdom
689,Young Justice,English,"Action, Adventure, Science-Fiction",2010-11-26,Ended,,https://www.hbomax.com/series/urn:hbo:series:GX3ZDNQA_j8LCSgEAAAXR,,
623,Younger,English,"Comedy, Romance",2015-03-31,Ended,,https://www.paramountplus.com/shows/younger/,,
1740,Your Family or Mine,English,"Comedy, Family",2015-04-07,Ended,30.0,,TBS,United States
38,Z Nation,English,"Action, Horror, Science-Fiction",2014-09-12,Ended,60.0,http://www.syfy.com/znation,Syfy,United States
1010,Zero Hour,English,"Drama, Thriller, Supernatural",2013-02-14,Ended,60.0,https://abc.com/shows/zero-hour,ABC,United States
1038,Zoey 101,English,"Drama, Comedy, Family",2005-01-09,Ended,30.0,https://www.nick.com/shows/zoey-101,Nickelodeon,United States
740,Zoo,English,"Drama, Science-Fiction, Thriller",2015-06-30,Ended,60.0,http://www.cbs.com/shows/zoo/,CBS,United States
1787,Zwarte Tulp,Dutch,"Drama, Mystery",2015-03-30,Ended,,http://zwartetulp.videoland.com/,,
